CREATE TABLE role_21072018 (
  id   SERIAL PRIMARY KEY,
  name VARCHAR NOT NULL UNIQUE
);

insert into role_21072018 (id, name) values (1, 'admin');
insert into role_21072018 (id, name) values (2, 'user');
insert into role_21072018 (id, name) values (3, 'moderator');
insert into role_21072018 (id, name) values (4, 'guest');

CREATE TABLE user_detail_21072018 (
  id     SERIAL PRIMARY KEY,
  phone  VARCHAR(64) NOT NULL UNIQUE,
  email  VARCHAR(64) NOT NULL UNIQUE,
  age    INT,
  gender VARCHAR(64)
);

insert into user_detail_21072018 (id, phone, email, age, gender) values (1, '801-101-6446', 'fschwartz0@cnet.com', 17, 'Male');
insert into user_detail_21072018 (id, phone, email, age, gender) values (2, '492-609-4986', 'nsorrel1@liveinternet.ru', 51, 'Male');
insert into user_detail_21072018 (id, phone, email, age, gender) values (3, '313-393-8163', 'eberthomieu2@vistaprint.com', 44, 'Male');
insert into user_detail_21072018 (id, phone, email, age, gender) values (4, '836-502-2196', 'nharrowell3@ovh.net', 90, 'Female');
insert into user_detail_21072018 (id, phone, email, age, gender) values (5, '443-583-4826', 'cromayne4@prnewswire.com', 13, 'Male');
insert into user_detail_21072018 (id, phone, email, age, gender) values (6, '917-970-8297', 'mluca5@answers.com', 10, 'Male');
insert into user_detail_21072018 (id, phone, email, age, gender) values (7, '992-865-6452', 'mzambon6@businesswire.com', 17, 'Female');
insert into user_detail_21072018 (id, phone, email, age, gender) values (8, '212-287-1127', 'amaleck7@de.vu', 98, 'Female');
insert into user_detail_21072018 (id, phone, email, age, gender) values (9, '546-918-8416', 'rbacks8@google.ru', 90, 'Male');
insert into user_detail_21072018 (id, phone, email, age, gender) values (10, '271-420-2852', 'cfulham9@sbwire.com', 67, 'Male');
insert into user_detail_21072018 (id, phone, email, age, gender) values (11, '718-714-2112', 'sdoudnya@nsw.gov.au', 66, 'Female');
insert into user_detail_21072018 (id, phone, email, age, gender) values (12, '298-102-8906', 'hhatherleyb@discovery.com', 33, 'Female');
insert into user_detail_21072018 (id, phone, email, age, gender) values (13, '515-822-1771', 'dsimkinc@indiegogo.com', 34, 'Male');
insert into user_detail_21072018 (id, phone, email, age, gender) values (14, '687-494-1594', 'tiacobonid@un.org', 29, 'Male');
insert into user_detail_21072018 (id, phone, email, age, gender) values (15, '350-246-1608', 'bhinckse@springer.com', 71, 'Female');
insert into user_detail_21072018 (id, phone, email, age, gender) values (16, '475-977-8006', 'spilsworthf@squidoo.com', 45, 'Male');
insert into user_detail_21072018 (id, phone, email, age, gender) values (17, '672-244-7047', 'jlonghig@salon.com', 96, 'Female');
insert into user_detail_21072018 (id, phone, email, age, gender) values (18, '294-713-9052', 'femslieh@npr.org', 70, 'Male');
insert into user_detail_21072018 (id, phone, email, age, gender) values (19, '972-454-5264', 'bfildei@exblog.jp', 31, 'Male');
insert into user_detail_21072018 (id, phone, email, age, gender) values (20, '581-777-5133', 'rcanlandj@globo.com', 38, 'Male');
insert into user_detail_21072018 (id, phone, email, age, gender) values (21, '561-231-3916', 'danstyk@ft.com', 70, 'Female');
insert into user_detail_21072018 (id, phone, email, age, gender) values (22, '149-416-6401', 'knapperl@tripadvisor.com', 85, 'Male');
insert into user_detail_21072018 (id, phone, email, age, gender) values (23, '954-186-3325', 'rearwickerm@canalblog.com', 51, 'Female');
insert into user_detail_21072018 (id, phone, email, age, gender) values (24, '723-120-8261', 'dmiddlern@godaddy.com', 80, 'Male');
insert into user_detail_21072018 (id, phone, email, age, gender) values (25, '403-877-0757', 'lcrooto@pbs.org', 95, 'Male');
insert into user_detail_21072018 (id, phone, email, age, gender) values (26, '321-819-4470', 'iwarykp@trellian.com', 100, 'Female');
insert into user_detail_21072018 (id, phone, email, age, gender) values (27, '875-415-0337', 'okilohq@thetimes.co.uk', 92, 'Female');
insert into user_detail_21072018 (id, phone, email, age, gender) values (28, '315-947-1857', 'gbolwellr@geocities.jp', 41, 'Female');
insert into user_detail_21072018 (id, phone, email, age, gender) values (29, '214-554-5673', 'dfumagallis@youku.com', 15, 'Male');
insert into user_detail_21072018 (id, phone, email, age, gender) values (30, '311-662-0016', 'pabramoviczt@addthis.com', 44, 'Female');
insert into user_detail_21072018 (id, phone, email, age, gender) values (31, '156-135-8832', 'tmackessocku@telegraph.co.uk', 21, 'Male');
insert into user_detail_21072018 (id, phone, email, age, gender) values (32, '300-460-0380', 'stampionv@census.gov', 89, 'Male');
insert into user_detail_21072018 (id, phone, email, age, gender) values (33, '410-703-8226', 'mquarlisw@exblog.jp', 93, 'Female');
insert into user_detail_21072018 (id, phone, email, age, gender) values (34, '688-976-8369', 'bstrathdeex@123-reg.co.uk', 21, 'Male');
insert into user_detail_21072018 (id, phone, email, age, gender) values (35, '430-540-7923', 'qcottely@uol.com.br', 50, 'Female');
insert into user_detail_21072018 (id, phone, email, age, gender) values (36, '316-448-0029', 'wakhurstz@hibu.com', 27, 'Male');
insert into user_detail_21072018 (id, phone, email, age, gender) values (37, '403-883-0096', 'bbrydone10@hud.gov', 40, 'Male');
insert into user_detail_21072018 (id, phone, email, age, gender) values (38, '150-762-4745', 'etabart11@cargocollective.com', 85, 'Female');
insert into user_detail_21072018 (id, phone, email, age, gender) values (39, '289-935-1011', 'lmoysey12@skyrock.com', 62, 'Female');
insert into user_detail_21072018 (id, phone, email, age, gender) values (40, '212-129-4736', 'emellenby13@yelp.com', 98, 'Male');
insert into user_detail_21072018 (id, phone, email, age, gender) values (41, '683-403-3873', 'hianne14@goodreads.com', 77, 'Male');
insert into user_detail_21072018 (id, phone, email, age, gender) values (42, '824-806-9709', 'bhonatsch15@flavors.me', 12, 'Male');
insert into user_detail_21072018 (id, phone, email, age, gender) values (43, '156-409-9066', 'kpaddeley16@bbb.org', 81, 'Male');
insert into user_detail_21072018 (id, phone, email, age, gender) values (44, '906-961-6887', 'hblakebrough17@dyndns.org', 42, 'Female');
insert into user_detail_21072018 (id, phone, email, age, gender) values (45, '176-329-4906', 'cbenardet18@livejournal.com', 85, 'Male');
insert into user_detail_21072018 (id, phone, email, age, gender) values (46, '546-630-7591', 'dtrevallion19@stumbleupon.com', 40, 'Female');
insert into user_detail_21072018 (id, phone, email, age, gender) values (47, '870-105-0398', 'foshiel1a@example.com', 39, 'Female');
insert into user_detail_21072018 (id, phone, email, age, gender) values (48, '239-260-5289', 'cseares1b@microsoft.com', 56, 'Male');
insert into user_detail_21072018 (id, phone, email, age, gender) values (49, '357-871-9713', 'rlloydwilliams1c@omniture.com', 85, 'Male');
insert into user_detail_21072018 (id, phone, email, age, gender) values (50, '676-386-9815', 'gbishopp1d@gnu.org', 11, 'Male');
insert into user_detail_21072018 (id, phone, email, age, gender) values (51, '985-709-4844', 'kparsand1e@squidoo.com', 17, 'Male');
insert into user_detail_21072018 (id, phone, email, age, gender) values (52, '251-389-2424', 'lgranham1f@bloomberg.com', 93, 'Female');
insert into user_detail_21072018 (id, phone, email, age, gender) values (53, '907-280-7298', 'amenci1g@stanford.edu', 60, 'Female');
insert into user_detail_21072018 (id, phone, email, age, gender) values (54, '819-457-0845', 'gbrimman1h@wp.com', 53, 'Male');
insert into user_detail_21072018 (id, phone, email, age, gender) values (55, '270-869-4239', 'uslay1i@indiatimes.com', 99, 'Female');
insert into user_detail_21072018 (id, phone, email, age, gender) values (56, '863-689-0170', 'kbrittles1j@tripod.com', 53, 'Male');
insert into user_detail_21072018 (id, phone, email, age, gender) values (57, '758-796-8021', 'jlillee1k@jugem.jp', 70, 'Female');
insert into user_detail_21072018 (id, phone, email, age, gender) values (58, '767-301-0193', 'jnewlove1l@europa.eu', 86, 'Male');
insert into user_detail_21072018 (id, phone, email, age, gender) values (59, '625-223-9834', 'apavel1m@google.nl', 69, 'Female');
insert into user_detail_21072018 (id, phone, email, age, gender) values (60, '653-675-8189', 'cattenbrow1n@cocolog-nifty.com', 22, 'Male');
insert into user_detail_21072018 (id, phone, email, age, gender) values (61, '885-278-6326', 'rlamburn1o@facebook.com', 84, 'Male');
insert into user_detail_21072018 (id, phone, email, age, gender) values (62, '572-995-3835', 'sfolomkin1p@marriott.com', 68, 'Male');
insert into user_detail_21072018 (id, phone, email, age, gender) values (63, '799-535-9071', 'oendle1q@java.com', 27, 'Male');
insert into user_detail_21072018 (id, phone, email, age, gender) values (64, '595-577-0759', 'dtunuy1r@addtoany.com', 84, 'Male');
insert into user_detail_21072018 (id, phone, email, age, gender) values (65, '728-586-3156', 'jbradie1s@walmart.com', 50, 'Female');
insert into user_detail_21072018 (id, phone, email, age, gender) values (66, '711-245-7851', 'mdolley1t@oracle.com', 81, 'Male');
insert into user_detail_21072018 (id, phone, email, age, gender) values (67, '863-917-7506', 'mhovy1u@ameblo.jp', 41, 'Male');
insert into user_detail_21072018 (id, phone, email, age, gender) values (68, '601-628-5344', 'ewakeford1v@t.co', 91, 'Female');
insert into user_detail_21072018 (id, phone, email, age, gender) values (69, '997-478-4282', 'tmangeot1w@elegantthemes.com', 71, 'Male');
insert into user_detail_21072018 (id, phone, email, age, gender) values (70, '792-475-6812', 'rodams1x@tripod.com', 51, 'Male');
insert into user_detail_21072018 (id, phone, email, age, gender) values (71, '177-738-6757', 'skillimister1y@fotki.com', 37, 'Female');
insert into user_detail_21072018 (id, phone, email, age, gender) values (72, '943-740-2250', 'nlyenyng1z@aboutads.info', 84, 'Female');
insert into user_detail_21072018 (id, phone, email, age, gender) values (73, '944-173-2424', 'kpo20@unblog.fr', 86, 'Male');
insert into user_detail_21072018 (id, phone, email, age, gender) values (74, '761-865-2537', 'mcrichten21@wordpress.com', 35, 'Female');
insert into user_detail_21072018 (id, phone, email, age, gender) values (75, '869-953-1877', 'barangy22@toplist.cz', 99, 'Male');
insert into user_detail_21072018 (id, phone, email, age, gender) values (76, '842-668-2731', 'sburchall23@time.com', 12, 'Male');
insert into user_detail_21072018 (id, phone, email, age, gender) values (77, '571-322-5331', 'cholston24@cisco.com', 89, 'Male');
insert into user_detail_21072018 (id, phone, email, age, gender) values (78, '942-168-7671', 'esanders25@free.fr', 65, 'Male');
insert into user_detail_21072018 (id, phone, email, age, gender) values (79, '772-642-9901', 'clindroos26@infoseek.co.jp', 97, 'Female');
insert into user_detail_21072018 (id, phone, email, age, gender) values (80, '371-393-6826', 'bkilligrew27@discuz.net', 51, 'Female');
insert into user_detail_21072018 (id, phone, email, age, gender) values (81, '116-555-1991', 'blehrer28@netvibes.com', 59, 'Male');
insert into user_detail_21072018 (id, phone, email, age, gender) values (82, '587-540-1500', 'tgloster29@ucoz.com', 73, 'Male');
insert into user_detail_21072018 (id, phone, email, age, gender) values (83, '711-325-5831', 'cbetteridge2a@mozilla.org', 94, 'Male');
insert into user_detail_21072018 (id, phone, email, age, gender) values (84, '499-257-6106', 'cgoodanew2b@narod.ru', 61, 'Female');
insert into user_detail_21072018 (id, phone, email, age, gender) values (85, '382-532-9563', 'eboost2c@amazonaws.com', 55, 'Female');
insert into user_detail_21072018 (id, phone, email, age, gender) values (86, '967-611-8166', 'jbodycote2d@github.com', 24, 'Male');
insert into user_detail_21072018 (id, phone, email, age, gender) values (87, '816-134-0692', 'dmanjot2e@arstechnica.com', 24, 'Male');
insert into user_detail_21072018 (id, phone, email, age, gender) values (88, '400-668-4846', 'llindelof2f@pagesperso-orange.fr', 93, 'Female');
insert into user_detail_21072018 (id, phone, email, age, gender) values (89, '525-292-5730', 'mcastledine2g@goo.ne.jp', 67, 'Male');
insert into user_detail_21072018 (id, phone, email, age, gender) values (90, '452-769-2228', 'gpiesing2h@barnesandnoble.com', 60, 'Male');
insert into user_detail_21072018 (id, phone, email, age, gender) values (91, '453-403-0832', 'hgisburn2i@instagram.com', 21, 'Female');
insert into user_detail_21072018 (id, phone, email, age, gender) values (92, '647-400-7976', 'jewings2j@nih.gov', 15, 'Male');
insert into user_detail_21072018 (id, phone, email, age, gender) values (93, '860-877-9455', 'agibke2k@storify.com', 82, 'Female');
insert into user_detail_21072018 (id, phone, email, age, gender) values (94, '514-386-9280', 'mandreotti2l@seesaa.net', 49, 'Male');
insert into user_detail_21072018 (id, phone, email, age, gender) values (95, '527-216-2853', 'blidyard2m@themeforest.net', 90, 'Female');
insert into user_detail_21072018 (id, phone, email, age, gender) values (96, '418-344-0933', 'ipennrington2n@privacy.gov.au', 55, 'Female');
insert into user_detail_21072018 (id, phone, email, age, gender) values (97, '867-858-6309', 'tsonier2o@canalblog.com', 15, 'Female');
insert into user_detail_21072018 (id, phone, email, age, gender) values (98, '662-545-8191', 'chail2p@foxnews.com', 44, 'Male');
insert into user_detail_21072018 (id, phone, email, age, gender) values (99, '373-602-7846', 'mwitton2q@bbc.co.uk', 28, 'Female');
insert into user_detail_21072018 (id, phone, email, age, gender) values (100, '983-516-6314', 'dmussalli2r@mtv.com', 89, 'Female');

CREATE TABLE user_21072018 (
  id             SERIAL PRIMARY KEY,
  first_name     VARCHAR(64) NOT NULL,
  last_name      VARCHAR(64) NOT NULL,
  username       VARCHAR(64) UNIQUE,
  password       VARCHAR(64) NOT NULL,
  user_detail_id INT UNIQUE REFERENCES user_detail_21072018 (id),
  role_id        INT REFERENCES role_21072018 (id)
);

insert into user_21072018 (id, first_name, last_name, username, password, user_detail_id, role_id) values (1, 'Godwin', 'Humpatch', 'ghumpatch0', 'D7aRWJ', 1, 3);
insert into user_21072018 (id, first_name, last_name, username, password, user_detail_id, role_id) values (2, 'Arden', 'Simounet', 'asimounet1', 'UQNG8nu', 2, 4);
insert into user_21072018 (id, first_name, last_name, username, password, user_detail_id, role_id) values (3, 'Winonah', 'Tomkins', 'wtomkins2', 'lOubOMO3NH', 3, 4);
insert into user_21072018 (id, first_name, last_name, username, password, user_detail_id, role_id) values (4, 'Homer', 'Imlock', 'himlock3', 'snB0VP3bhp', 4, 4);
insert into user_21072018 (id, first_name, last_name, username, password, user_detail_id, role_id) values (5, 'Dorthea', 'Sturrock', 'dsturrock4', 'n9Z2v6', 5, 2);
insert into user_21072018 (id, first_name, last_name, username, password, user_detail_id, role_id) values (6, 'Benito', 'Seabrook', 'bseabrook5', 'PBK9vYk', 6, 3);
insert into user_21072018 (id, first_name, last_name, username, password, user_detail_id, role_id) values (7, 'Addia', 'Coultish', 'acoultish6', 'rbaOlWlFLg', 7, 1);
insert into user_21072018 (id, first_name, last_name, username, password, user_detail_id, role_id) values (8, 'Avictor', 'McIlherran', 'amcilherran7', 'QN9jSNC', 8, 2);
insert into user_21072018 (id, first_name, last_name, username, password, user_detail_id, role_id) values (9, 'Jard', 'Veelers', 'jveelers8', 'TuymgNjyl2FH', 9, 1);
insert into user_21072018 (id, first_name, last_name, username, password, user_detail_id, role_id) values (10, 'Jacquette', 'Wauchope', 'jwauchope9', 'jv2JG2Ym2cG', 10, 1);
insert into user_21072018 (id, first_name, last_name, username, password, user_detail_id, role_id) values (11, 'Christophe', 'Cundy', 'ccundya', 'n5HozjdVh3', 11, 3);
insert into user_21072018 (id, first_name, last_name, username, password, user_detail_id, role_id) values (12, 'Kirstyn', 'Cassius', 'kcassiusb', 'IIcZnCBjW', 12, 1);
insert into user_21072018 (id, first_name, last_name, username, password, user_detail_id, role_id) values (13, 'Kelcy', 'Hatt', 'khattc', 'sOQqZ7B', 13, 1);
insert into user_21072018 (id, first_name, last_name, username, password, user_detail_id, role_id) values (14, 'Krystyna', 'Matches', 'kmatchesd', 'hViFEOTpwsJ9', 14, 4);
insert into user_21072018 (id, first_name, last_name, username, password, user_detail_id, role_id) values (15, 'Lucius', 'Ongin', 'longine', 'XogUXjL', 15, 3);
insert into user_21072018 (id, first_name, last_name, username, password, user_detail_id, role_id) values (16, 'Lonnard', 'Hammerstone', 'lhammerstonef', 'Uziy3X', 16, 2);
insert into user_21072018 (id, first_name, last_name, username, password, user_detail_id, role_id) values (17, 'Meris', 'Smallsman', 'msmallsmang', 'y5pY5q51', 17, 2);
insert into user_21072018 (id, first_name, last_name, username, password, user_detail_id, role_id) values (18, 'Merrill', 'Gansbuhler', 'mgansbuhlerh', 'bZLkuohuqk', 18, 2);
insert into user_21072018 (id, first_name, last_name, username, password, user_detail_id, role_id) values (19, 'Yvon', 'Dearnley', 'ydearnleyi', 'OsbMNKqr', 19, 2);
insert into user_21072018 (id, first_name, last_name, username, password, user_detail_id, role_id) values (20, 'Jordanna', 'Wahlberg', 'jwahlbergj', 'HhQEFr1vVOSQ', 20, 3);
insert into user_21072018 (id, first_name, last_name, username, password, user_detail_id, role_id) values (21, 'Sandie', 'Colbrun', 'scolbrunk', 'Xngm2nOP1', 21, 2);
insert into user_21072018 (id, first_name, last_name, username, password, user_detail_id, role_id) values (22, 'Wilbert', 'Chaff', 'wchaffl', 'MCEbhaio', 22, 4);
insert into user_21072018 (id, first_name, last_name, username, password, user_detail_id, role_id) values (23, 'Sharai', 'Teague', 'steaguem', 'PrVg3MEmtz', 23, 4);
insert into user_21072018 (id, first_name, last_name, username, password, user_detail_id, role_id) values (24, 'Ferne', 'Bailess', 'fbailessn', 'PaIizXZY', 24, 1);
insert into user_21072018 (id, first_name, last_name, username, password, user_detail_id, role_id) values (25, 'Merilyn', 'Largen', 'mlargeno', '3PR4HnS', 25, 3);
insert into user_21072018 (id, first_name, last_name, username, password, user_detail_id, role_id) values (26, 'Bobbie', 'Plumb', 'bplumbp', 'glzKtwIf2L', 26, 4);
insert into user_21072018 (id, first_name, last_name, username, password, user_detail_id, role_id) values (27, 'Jon', 'Moffat', 'jmoffatq', 'rnVjqBx', 27, 1);
insert into user_21072018 (id, first_name, last_name, username, password, user_detail_id, role_id) values (28, 'Meggi', 'Dougherty', 'mdoughertyr', 'QCHAyLYF332h', 28, 1);
insert into user_21072018 (id, first_name, last_name, username, password, user_detail_id, role_id) values (29, 'Chariot', 'Beveridge', 'cbeveridges', 'NuyVnntP', 29, 2);
insert into user_21072018 (id, first_name, last_name, username, password, user_detail_id, role_id) values (30, 'Waylan', 'Sallis', 'wsallist', 'xjCKee', 30, 2);
insert into user_21072018 (id, first_name, last_name, username, password, user_detail_id, role_id) values (31, 'Alie', 'Murray', 'amurrayu', '5VUxiRnv0my7', 31, 1);
insert into user_21072018 (id, first_name, last_name, username, password, user_detail_id, role_id) values (32, 'Roda', 'Dauber', 'rdauberv', 'dUHgrfU0sYIq', 32, 1);
insert into user_21072018 (id, first_name, last_name, username, password, user_detail_id, role_id) values (33, 'Gabbey', 'Pea', 'gpeaw', 'VX2Fll', 33, 2);
insert into user_21072018 (id, first_name, last_name, username, password, user_detail_id, role_id) values (34, 'Gustav', 'Sivess', 'gsivessx', 'momYT8KE', 34, 1);
insert into user_21072018 (id, first_name, last_name, username, password, user_detail_id, role_id) values (35, 'Charlot', 'Leopard', 'cleopardy', 'xm1aTf', 35, 3);
insert into user_21072018 (id, first_name, last_name, username, password, user_detail_id, role_id) values (36, 'Marv', 'Ellin', 'mellinz', 'ZIOAZl2', 36, 4);
insert into user_21072018 (id, first_name, last_name, username, password, user_detail_id, role_id) values (37, 'Lark', 'Wanek', 'lwanek10', 'Co9MAm4R', 37, 1);
insert into user_21072018 (id, first_name, last_name, username, password, user_detail_id, role_id) values (38, 'Berkley', 'Arbor', 'barbor11', 'BeovgaScK8', 38, 1);
insert into user_21072018 (id, first_name, last_name, username, password, user_detail_id, role_id) values (39, 'Alene', 'Cuschieri', 'acuschieri12', 'GgNUBqlDFFOo', 39, 2);
insert into user_21072018 (id, first_name, last_name, username, password, user_detail_id, role_id) values (40, 'Katrina', 'Burbidge', 'kburbidge13', 'M3gyDTwFbx', 40, 3);
insert into user_21072018 (id, first_name, last_name, username, password, user_detail_id, role_id) values (41, 'Ellwood', 'Wickstead', 'ewickstead14', 'tQETxzNlFvmu', 41, 1);
insert into user_21072018 (id, first_name, last_name, username, password, user_detail_id, role_id) values (42, 'Janna', 'Frowen', 'jfrowen15', 'prvGAw3NrF8L', 42, 4);
insert into user_21072018 (id, first_name, last_name, username, password, user_detail_id, role_id) values (43, 'Darcy', 'Marlor', 'dmarlor16', 'iDMtiz0LaS', 43, 1);
insert into user_21072018 (id, first_name, last_name, username, password, user_detail_id, role_id) values (44, 'Sheilah', 'Canter', 'scanter17', 'lJoq2E', 44, 3);
insert into user_21072018 (id, first_name, last_name, username, password, user_detail_id, role_id) values (45, 'Nikki', 'Tacey', 'ntacey18', 'D5XdYxa', 45, 3);
insert into user_21072018 (id, first_name, last_name, username, password, user_detail_id, role_id) values (46, 'Jobey', 'Inglesent', 'jinglesent19', 'k1Yc5faUU', 46, 3);
insert into user_21072018 (id, first_name, last_name, username, password, user_detail_id, role_id) values (47, 'Tadeas', 'Fareweather', 'tfareweather1a', 'pxwiopxbFIjm', 47, 3);
insert into user_21072018 (id, first_name, last_name, username, password, user_detail_id, role_id) values (48, 'Theressa', 'Nicholes', 'tnicholes1b', 'YOmfPLo', 48, 2);
insert into user_21072018 (id, first_name, last_name, username, password, user_detail_id, role_id) values (49, 'Barry', 'Limming', 'blimming1c', 'Ab5Au70mVDR', 49, 4);
insert into user_21072018 (id, first_name, last_name, username, password, user_detail_id, role_id) values (50, 'Sondra', 'McNeigh', 'smcneigh1d', 'iYI5AOkqIR', 50, 1);
insert into user_21072018 (id, first_name, last_name, username, password, user_detail_id, role_id) values (51, 'Lonna', 'Otto', 'lotto1e', 'n6tQ9cO', 51, 3);
insert into user_21072018 (id, first_name, last_name, username, password, user_detail_id, role_id) values (52, 'Sly', 'Tomlett', 'stomlett1f', 'hNcfvik', 52, 2);
insert into user_21072018 (id, first_name, last_name, username, password, user_detail_id, role_id) values (53, 'Rena', 'Mishaw', 'rmishaw1g', 'YHWDbFsE5I91', 53, 2);
insert into user_21072018 (id, first_name, last_name, username, password, user_detail_id, role_id) values (54, 'Zane', 'Raffan', 'zraffan1h', 'uen0Vx401', 54, 1);
insert into user_21072018 (id, first_name, last_name, username, password, user_detail_id, role_id) values (55, 'Winna', 'Franzelini', 'wfranzelini1i', 'JOiOpVBOpxkn', 55, 2);
insert into user_21072018 (id, first_name, last_name, username, password, user_detail_id, role_id) values (56, 'Bessie', 'Giacomelli', 'bgiacomelli1j', 'CAGMa0LOcnLq', 56, 1);
insert into user_21072018 (id, first_name, last_name, username, password, user_detail_id, role_id) values (57, 'Giorgio', 'Rahill', 'grahill1k', 'JhHlkIADFsI', 57, 1);
insert into user_21072018 (id, first_name, last_name, username, password, user_detail_id, role_id) values (58, 'Debbie', 'Bellard', 'dbellard1l', 'pM5W1dvQyBa', 58, 4);
insert into user_21072018 (id, first_name, last_name, username, password, user_detail_id, role_id) values (59, 'Carl', 'Chatelain', 'cchatelain1m', 'aQyKegJQ', 59, 3);
insert into user_21072018 (id, first_name, last_name, username, password, user_detail_id, role_id) values (60, 'Eziechiele', 'Belfrage', 'ebelfrage1n', 'w5Xwf3m', 60, 2);
insert into user_21072018 (id, first_name, last_name, username, password, user_detail_id, role_id) values (61, 'Rosalinde', 'Redsall', 'rredsall1o', 'nVOuUAK6C9', 61, 4);
insert into user_21072018 (id, first_name, last_name, username, password, user_detail_id, role_id) values (62, 'Chip', 'Keyser', 'ckeyser1p', 'xRTJLlI6JYu4', 62, 2);
insert into user_21072018 (id, first_name, last_name, username, password, user_detail_id, role_id) values (63, 'Linet', 'Hail', 'lhail1q', 'paaF2Um28', 63, 4);
insert into user_21072018 (id, first_name, last_name, username, password, user_detail_id, role_id) values (64, 'Jillian', 'Lockhart', 'jlockhart1r', '4pvmlok', 64, 4);
insert into user_21072018 (id, first_name, last_name, username, password, user_detail_id, role_id) values (65, 'Delcina', 'Punchard', 'dpunchard1s', 'MnuIKKcQr', 65, 4);
insert into user_21072018 (id, first_name, last_name, username, password, user_detail_id, role_id) values (66, 'Rachael', 'Boulter', 'rboulter1t', 'pVPzHp5r0I', 66, 1);
insert into user_21072018 (id, first_name, last_name, username, password, user_detail_id, role_id) values (67, 'Mariska', 'Phillins', 'mphillins1u', 'LEntmI', 67, 4);
insert into user_21072018 (id, first_name, last_name, username, password, user_detail_id, role_id) values (68, 'Sue', 'Cannop', 'scannop1v', 'p6qsCn', 68, 2);
insert into user_21072018 (id, first_name, last_name, username, password, user_detail_id, role_id) values (69, 'Nappy', 'Hodgins', 'nhodgins1w', 'UxvCPw4B', 69, 3);
insert into user_21072018 (id, first_name, last_name, username, password, user_detail_id, role_id) values (70, 'Brigida', 'Corston', 'bcorston1x', 'xqa65PT3Gz30', 70, 2);
insert into user_21072018 (id, first_name, last_name, username, password, user_detail_id, role_id) values (71, 'Laurens', 'Illing', 'lilling1y', 'RHyxX53LuL', 71, 2);
insert into user_21072018 (id, first_name, last_name, username, password, user_detail_id, role_id) values (72, 'Mia', 'Altimas', 'maltimas1z', 'vF9BDol61C9', 72, 1);
insert into user_21072018 (id, first_name, last_name, username, password, user_detail_id, role_id) values (73, 'Alexia', 'Kelsell', 'akelsell20', 'ZxnbLLt', 73, 1);
insert into user_21072018 (id, first_name, last_name, username, password, user_detail_id, role_id) values (74, 'Tiphani', 'Spuner', 'tspuner21', 'nkHsoJZ7QM', 74, 4);
insert into user_21072018 (id, first_name, last_name, username, password, user_detail_id, role_id) values (75, 'Gilligan', 'Verzey', 'gverzey22', 'DlhgHexqV6', 75, 4);
insert into user_21072018 (id, first_name, last_name, username, password, user_detail_id, role_id) values (76, 'Anatola', 'Faughnan', 'afaughnan23', 'VAIhMWxv', 76, 3);
insert into user_21072018 (id, first_name, last_name, username, password, user_detail_id, role_id) values (77, 'Allyn', 'Virr', 'avirr24', 'Rms4f6', 77, 1);
insert into user_21072018 (id, first_name, last_name, username, password, user_detail_id, role_id) values (78, 'Jackson', 'Beche', 'jbeche25', 'YxTMsM8', 78, 2);
insert into user_21072018 (id, first_name, last_name, username, password, user_detail_id, role_id) values (79, 'Darleen', 'Teggin', 'dteggin26', 'RXwxJ4', 79, 2);
insert into user_21072018 (id, first_name, last_name, username, password, user_detail_id, role_id) values (80, 'Milton', 'Muirden', 'mmuirden27', 'OY9FrbDLrlWN', 80, 1);
insert into user_21072018 (id, first_name, last_name, username, password, user_detail_id, role_id) values (81, 'Chane', 'Antonellini', 'cantonellini28', 'gWlQLq', 81, 3);
insert into user_21072018 (id, first_name, last_name, username, password, user_detail_id, role_id) values (82, 'Wang', 'Trayling', 'wtrayling29', 'jGvo0w', 82, 4);
insert into user_21072018 (id, first_name, last_name, username, password, user_detail_id, role_id) values (83, 'Alvin', 'Patershall', 'apatershall2a', 'xMXsUoQsS', 83, 2);
insert into user_21072018 (id, first_name, last_name, username, password, user_detail_id, role_id) values (84, 'Agnella', 'Chave', 'achave2b', 'O40TpnxgmWIa', 84, 2);
insert into user_21072018 (id, first_name, last_name, username, password, user_detail_id, role_id) values (85, 'Bowie', 'Mosdill', 'bmosdill2c', 'eWw7ID97Qc', 85, 2);
insert into user_21072018 (id, first_name, last_name, username, password, user_detail_id, role_id) values (86, 'Marietta', 'Welbelove', 'mwelbelove2d', 'XKttnxq22', 86, 2);
insert into user_21072018 (id, first_name, last_name, username, password, user_detail_id, role_id) values (87, 'Kippie', 'Sealand', 'ksealand2e', 'vj7s2xJ7pv4', 87, 2);
insert into user_21072018 (id, first_name, last_name, username, password, user_detail_id, role_id) values (88, 'Hamlin', 'Petrovykh', 'hpetrovykh2f', 'M61SquRZ', 88, 2);
insert into user_21072018 (id, first_name, last_name, username, password, user_detail_id, role_id) values (89, 'Ced', 'Slimings', 'cslimings2g', 'wCV3IWnBCzbX', 89, 2);
insert into user_21072018 (id, first_name, last_name, username, password, user_detail_id, role_id) values (90, 'Consalve', 'McLugish', 'cmclugish2h', 'wSKGB1Q', 90, 2);
insert into user_21072018 (id, first_name, last_name, username, password, user_detail_id, role_id) values (91, 'Gus', 'Nevett', 'gnevett2i', 'O1GHv37Z1aR', 91, 3);
insert into user_21072018 (id, first_name, last_name, username, password, user_detail_id, role_id) values (92, 'Shelly', 'Smylie', 'ssmylie2j', 'FAw7HggWUskh', 92, 4);
insert into user_21072018 (id, first_name, last_name, username, password, user_detail_id, role_id) values (93, 'Minna', 'Dyne', 'mdyne2k', '2CpKEVmgn', 93, 2);
insert into user_21072018 (id, first_name, last_name, username, password, user_detail_id, role_id) values (94, 'Tyson', 'Chislett', 'tchislett2l', 'ke7Dp6StMB', 94, 1);
insert into user_21072018 (id, first_name, last_name, username, password, user_detail_id, role_id) values (95, 'Caitrin', 'Muspratt', 'cmuspratt2m', 'zDR50dn5JhhI', 95, 1);
insert into user_21072018 (id, first_name, last_name, username, password, user_detail_id, role_id) values (96, 'Abbie', 'Winterburn', 'awinterburn2n', 'JyEP2xE9rMoG', 96, 4);
insert into user_21072018 (id, first_name, last_name, username, password, user_detail_id, role_id) values (97, 'Beau', 'Beavors', 'bbeavors2o', 'VxTEX7', 97, 3);
insert into user_21072018 (id, first_name, last_name, username, password, user_detail_id, role_id) values (98, 'Ellyn', 'Di Biasi', 'edibiasi2p', 'KIBu86DsWq', 98, 2);
insert into user_21072018 (id, first_name, last_name, username, password, user_detail_id, role_id) values (99, 'Lizzie', 'Elnough', 'lelnough2q', 'QcYkE7w6ruS', 99, 4);
insert into user_21072018 (id, first_name, last_name, username, password, user_detail_id, role_id) values (100, 'Hillyer', 'Bessett', 'hbessett2r', '8S8YkPy', 100, 3);

CREATE TABLE category_21072018 (
  id           SERIAL PRIMARY KEY,
  name         VARCHAR(64) NOT NULL,
  description  VARCHAR(500) NOT NULL,
  sub_category INT REFERENCES category_21072018 (id)
);

insert into category_21072018 (id, name, description, sub_category) values (1, 'sapien', 'pede libero quis orci nullam molestie nibh in lectus pellentesque', null);
insert into category_21072018 (id, name, description, sub_category) values (2, 'tincidunt', 'eu interdum eu tincidunt in leo maecenas pulvinar lobortis est phasellus sit amet erat nulla tempus', null);
insert into category_21072018 (id, name, description, sub_category) values (3, 'nisl', 'dapibus nulla suscipit ligula in lacus curabitur at ipsum ac tellus semper interdum mauris ullamcorper purus', null);
insert into category_21072018 (id, name, description, sub_category) values (4, 'pellentesque', 'dapibus dolor vel est donec odio justo sollicitudin ut suscipit a feugiat et eros vestibulum ac', null);
insert into category_21072018 (id, name, description, sub_category) values (5, 'in', 'nisl nunc nisl duis bibendum felis sed interdum venenatis turpis enim blandit mi in porttitor', null);
insert into category_21072018 (id, name, description, sub_category) values (6, 'sit', 'neque vestibulum eget vulputate ut ultrices vel augue vestibulum ante', null);
insert into category_21072018 (id, name, description, sub_category) values (7, 'elit', 'rutrum ac lobortis vel dapibus at diam nam tristique tortor eu', null);
insert into category_21072018 (id, name, description, sub_category) values (8, 'sollicitudin', 'vestibulum vestibulum ante ipsum primis in faucibus orci luctus et ultrices posuere cubilia curae nulla dapibus dolor vel est donec', null);
insert into category_21072018 (id, name, description, sub_category) values (9, 'sed', 'odio odio elementum eu interdum eu tincidunt in leo maecenas pulvinar lobortis', null);
insert into category_21072018 (id, name, description, sub_category) values (10, 'est', 'eleifend quam a odio in hac habitasse platea dictumst maecenas ut massa quis augue luctus tincidunt nulla mollis molestie', null);
insert into category_21072018 (id, name, description, sub_category) values (11, 'at', 'dolor sit amet consectetuer adipiscing elit proin interdum mauris non ligula pellentesque ultrices phasellus', 6);
insert into category_21072018 (id, name, description, sub_category) values (12, 'vel', 'consectetuer eget rutrum at lorem integer tincidunt ante vel ipsum praesent blandit lacinia erat vestibulum sed magna', 8);
insert into category_21072018 (id, name, description, sub_category) values (13, 'ligula', 'eu felis fusce posuere felis sed lacus morbi sem mauris laoreet ut rhoncus aliquet pulvinar sed nisl', 3);
insert into category_21072018 (id, name, description, sub_category) values (14, 'justo', 'id ligula suspendisse ornare consequat lectus in est risus auctor sed tristique in tempus sit amet sem', 10);
insert into category_21072018 (id, name, description, sub_category) values (15, 'quis', 'sed sagittis nam congue risus semper porta volutpat quam pede lobortis ligula sit amet eleifend pede', 5);
insert into category_21072018 (id, name, description, sub_category) values (16, 'ut', 'tortor sollicitudin mi sit amet lobortis sapien sapien non mi integer', 8);
insert into category_21072018 (id, name, description, sub_category) values (17, 'dapibus', 'sollicitudin ut suscipit a feugiat et eros vestibulum ac est lacinia nisi venenatis tristique fusce congue diam id', 1);
insert into category_21072018 (id, name, description, sub_category) values (18, 'vitae', 'luctus et ultrices posuere cubilia curae mauris viverra diam vitae quam suspendisse', 1);
insert into category_21072018 (id, name, description, sub_category) values (19, 'semper', 'facilisi cras non velit nec nisi vulputate nonummy maecenas tincidunt lacus at velit vivamus vel nulla', 9);
insert into category_21072018 (id, name, description, sub_category) values (20, 'est', 'donec ut mauris eget massa tempor convallis nulla neque libero', 2);

CREATE TABLE product_21072018 (
  id          SERIAL PRIMARY KEY,
  description VARCHAR(500)      NOT NULL,
  price       DOUBLE PRECISION NOT NULL,
  quantity    VARCHAR(64),
  active      BOOLEAN DEFAULT TRUE,
  category_id INT REFERENCES category_21072018 (id),
  user_id     INT REFERENCES user_21072018 (id)
);

insert into product_21072018 (id, description, price, quantity, active, category_id, user_id) values (1, 'mattis egestas metus aenean fermentum donec ut mauris eget massa tempor convallis nulla neque libero convallis eget', 57937, 95, true, 8, 44);
insert into product_21072018 (id, description, price, quantity, active, category_id, user_id) values (2, 'in sagittis dui vel nisl duis ac nibh fusce lacus purus aliquet at feugiat', 2041, 73, true, 9, 7);
insert into product_21072018 (id, description, price, quantity, active, category_id, user_id) values (3, 'nulla elit ac nulla sed vel enim sit amet nunc viverra dapibus', 59864, 14, true, 11, 41);
insert into product_21072018 (id, description, price, quantity, active, category_id, user_id) values (4, 'quis orci nullam molestie nibh in lectus pellentesque at nulla suspendisse potenti cras in purus eu magna', 9923, 7, false, 19, 19);
insert into product_21072018 (id, description, price, quantity, active, category_id, user_id) values (5, 'turpis elementum ligula vehicula consequat morbi a ipsum integer a nibh in quis justo maecenas rhoncus aliquam lacus morbi', 9224, 25, false, 14, 20);
insert into product_21072018 (id, description, price, quantity, active, category_id, user_id) values (6, 'vel enim sit amet nunc viverra dapibus nulla suscipit ligula in lacus curabitur at ipsum ac tellus semper interdum mauris', 35187, 88, true, 5, 4);
insert into product_21072018 (id, description, price, quantity, active, category_id, user_id) values (7, 'sed tristique in tempus sit amet sem fusce consequat nulla nisl nunc nisl duis bibendum felis sed', 65716, 49, false, 10, 1);
insert into product_21072018 (id, description, price, quantity, active, category_id, user_id) values (8, 'dapibus nulla suscipit ligula in lacus curabitur at ipsum ac tellus semper interdum mauris ullamcorper purus sit amet nulla quisque', 17610, 86, true, 4, 49);
insert into product_21072018 (id, description, price, quantity, active, category_id, user_id) values (9, 'iaculis congue vivamus metus arcu adipiscing molestie hendrerit at vulputate vitae', 28677, 24, false, 10, 85);
insert into product_21072018 (id, description, price, quantity, active, category_id, user_id) values (10, 'orci luctus et ultrices posuere cubilia curae donec pharetra magna vestibulum aliquet ultrices erat tortor sollicitudin mi sit amet', 64488, 25, false, 18, 19);
insert into product_21072018 (id, description, price, quantity, active, category_id, user_id) values (11, 'volutpat erat quisque erat eros viverra eget congue eget semper', 34706, 91, true, 10, 15);
insert into product_21072018 (id, description, price, quantity, active, category_id, user_id) values (12, 'fusce congue diam id ornare imperdiet sapien urna pretium nisl ut volutpat sapien', 10779, 4, true, 19, 46);
insert into product_21072018 (id, description, price, quantity, active, category_id, user_id) values (13, 'posuere cubilia curae duis faucibus accumsan odio curabitur convallis duis consequat dui nec', 63135, 74, false, 7, 38);
insert into product_21072018 (id, description, price, quantity, active, category_id, user_id) values (14, 'massa volutpat convallis morbi odio odio elementum eu interdum eu tincidunt in leo maecenas pulvinar lobortis est phasellus', 61047, 77, true, 4, 30);
insert into product_21072018 (id, description, price, quantity, active, category_id, user_id) values (15, 'sit amet consectetuer adipiscing elit proin interdum mauris non ligula pellentesque ultrices phasellus id sapien in sapien iaculis congue vivamus', 15725, 41, false, 19, 31);
insert into product_21072018 (id, description, price, quantity, active, category_id, user_id) values (16, 'ullamcorper purus sit amet nulla quisque arcu libero rutrum ac lobortis vel dapibus at diam nam', 8284, 46, true, 2, 11);
insert into product_21072018 (id, description, price, quantity, active, category_id, user_id) values (17, 'vestibulum ac est lacinia nisi venenatis tristique fusce congue diam id', 4303, 42, true, 7, 67);
insert into product_21072018 (id, description, price, quantity, active, category_id, user_id) values (18, 'ac neque duis bibendum morbi non quam nec dui luctus rutrum nulla tellus in sagittis dui vel nisl duis', 20858, 3, true, 20, 21);
insert into product_21072018 (id, description, price, quantity, active, category_id, user_id) values (19, 'lacinia aenean sit amet justo morbi ut odio cras mi', 35256, 6, true, 19, 20);
insert into product_21072018 (id, description, price, quantity, active, category_id, user_id) values (20, 'justo sollicitudin ut suscipit a feugiat et eros vestibulum ac est lacinia nisi venenatis tristique fusce', 42370, 79, false, 20, 8);
insert into product_21072018 (id, description, price, quantity, active, category_id, user_id) values (21, 'orci vehicula condimentum curabitur in libero ut massa volutpat convallis morbi odio odio elementum', 36080, 45, false, 2, 92);
insert into product_21072018 (id, description, price, quantity, active, category_id, user_id) values (22, 'lectus pellentesque at nulla suspendisse potenti cras in purus eu', 61739, 24, true, 12, 15);
insert into product_21072018 (id, description, price, quantity, active, category_id, user_id) values (23, 'nisl nunc rhoncus dui vel sem sed sagittis nam congue risus semper porta volutpat quam pede lobortis ligula sit amet', 57312, 9, true, 5, 5);
insert into product_21072018 (id, description, price, quantity, active, category_id, user_id) values (24, 'amet eros suspendisse accumsan tortor quis turpis sed ante vivamus tortor duis mattis egestas', 51831, 41, true, 15, 57);
insert into product_21072018 (id, description, price, quantity, active, category_id, user_id) values (25, 'cum sociis natoque penatibus et magnis dis parturient montes nascetur ridiculus mus vivamus vestibulum sagittis sapien cum sociis natoque penatibus', 94082, 66, true, 3, 76);
insert into product_21072018 (id, description, price, quantity, active, category_id, user_id) values (26, 'phasellus sit amet erat nulla tempus vivamus in felis eu sapien cursus vestibulum proin eu mi nulla', 49118, 63, true, 8, 43);
insert into product_21072018 (id, description, price, quantity, active, category_id, user_id) values (27, 'pede venenatis non sodales sed tincidunt eu felis fusce posuere felis sed', 86944, 23, false, 2, 43);
insert into product_21072018 (id, description, price, quantity, active, category_id, user_id) values (28, 'vivamus vestibulum sagittis sapien cum sociis natoque penatibus et magnis', 28378, 92, false, 18, 16);
insert into product_21072018 (id, description, price, quantity, active, category_id, user_id) values (29, 'curabitur gravida nisi at nibh in hac habitasse platea dictumst aliquam augue quam sollicitudin vitae consectetuer', 1623, 90, true, 10, 87);
insert into product_21072018 (id, description, price, quantity, active, category_id, user_id) values (30, 'pede lobortis ligula sit amet eleifend pede libero quis orci nullam', 57264, 91, true, 6, 67);
insert into product_21072018 (id, description, price, quantity, active, category_id, user_id) values (31, 'lacinia aenean sit amet justo morbi ut odio cras mi pede malesuada in imperdiet et commodo vulputate justo in blandit', 59930, 59, true, 6, 37);
insert into product_21072018 (id, description, price, quantity, active, category_id, user_id) values (32, 'lorem quisque ut erat curabitur gravida nisi at nibh in hac habitasse platea dictumst aliquam augue quam sollicitudin vitae consectetuer', 32106, 85, true, 1, 49);
insert into product_21072018 (id, description, price, quantity, active, category_id, user_id) values (33, 'sapien ut nunc vestibulum ante ipsum primis in faucibus orci', 36993, 40, false, 13, 43);
insert into product_21072018 (id, description, price, quantity, active, category_id, user_id) values (34, 'nunc proin at turpis a pede posuere nonummy integer non velit donec diam neque vestibulum eget vulputate ut ultrices', 6232, 56, false, 8, 42);
insert into product_21072018 (id, description, price, quantity, active, category_id, user_id) values (35, 'mus etiam vel augue vestibulum rutrum rutrum neque aenean auctor gravida sem praesent id massa id nisl venenatis', 1099, 81, false, 16, 17);
insert into product_21072018 (id, description, price, quantity, active, category_id, user_id) values (36, 'duis aliquam convallis nunc proin at turpis a pede posuere nonummy integer non velit donec diam neque vestibulum', 64140, 46, false, 1, 86);
insert into product_21072018 (id, description, price, quantity, active, category_id, user_id) values (37, 'luctus et ultrices posuere cubilia curae mauris viverra diam vitae quam suspendisse', 47873, 88, true, 16, 40);
insert into product_21072018 (id, description, price, quantity, active, category_id, user_id) values (38, 'laoreet ut rhoncus aliquet pulvinar sed nisl nunc rhoncus dui vel sem sed sagittis nam congue risus', 50189, 61, true, 7, 26);
insert into product_21072018 (id, description, price, quantity, active, category_id, user_id) values (39, 'vel augue vestibulum ante ipsum primis in faucibus orci luctus', 46889, 59, false, 18, 59);
insert into product_21072018 (id, description, price, quantity, active, category_id, user_id) values (40, 'erat eros viverra eget congue eget semper rutrum nulla nunc purus phasellus in felis donec semper sapien', 17714, 70, true, 7, 53);
insert into product_21072018 (id, description, price, quantity, active, category_id, user_id) values (41, 'lacinia erat vestibulum sed magna at nunc commodo placerat praesent blandit nam nulla integer pede', 66564, 38, true, 18, 36);
insert into product_21072018 (id, description, price, quantity, active, category_id, user_id) values (42, 'nulla elit ac nulla sed vel enim sit amet nunc viverra dapibus', 94796, 70, false, 6, 42);
insert into product_21072018 (id, description, price, quantity, active, category_id, user_id) values (43, 'felis fusce posuere felis sed lacus morbi sem mauris laoreet ut rhoncus aliquet pulvinar sed', 99507, 64, true, 9, 8);
insert into product_21072018 (id, description, price, quantity, active, category_id, user_id) values (44, 'a ipsum integer a nibh in quis justo maecenas rhoncus aliquam lacus morbi quis tortor id', 36291, 94, false, 18, 26);
insert into product_21072018 (id, description, price, quantity, active, category_id, user_id) values (45, 'ultricies eu nibh quisque id justo sit amet sapien dignissim vestibulum', 53900, 17, false, 20, 55);
insert into product_21072018 (id, description, price, quantity, active, category_id, user_id) values (46, 'at velit eu est congue elementum in hac habitasse platea dictumst morbi vestibulum velit id pretium iaculis diam erat fermentum', 51338, 69, false, 10, 97);
insert into product_21072018 (id, description, price, quantity, active, category_id, user_id) values (47, 'massa id nisl venenatis lacinia aenean sit amet justo morbi ut odio', 26515, 83, true, 19, 96);
insert into product_21072018 (id, description, price, quantity, active, category_id, user_id) values (48, 'accumsan tortor quis turpis sed ante vivamus tortor duis mattis egestas metus aenean fermentum donec ut mauris', 21536, 46, false, 13, 68);
insert into product_21072018 (id, description, price, quantity, active, category_id, user_id) values (49, 'ut tellus nulla ut erat id mauris vulputate elementum nullam varius nulla', 17386, 41, true, 15, 64);
insert into product_21072018 (id, description, price, quantity, active, category_id, user_id) values (50, 'aliquam sit amet diam in magna bibendum imperdiet nullam orci pede venenatis non sodales sed tincidunt eu felis', 84143, 96, true, 12, 28);
insert into product_21072018 (id, description, price, quantity, active, category_id, user_id) values (51, 'primis in faucibus orci luctus et ultrices posuere cubilia curae mauris viverra diam vitae quam', 82753, 17, false, 10, 54);
insert into product_21072018 (id, description, price, quantity, active, category_id, user_id) values (52, 'duis consequat dui nec nisi volutpat eleifend donec ut dolor morbi vel lectus in quam fringilla rhoncus mauris enim', 87504, 26, true, 7, 98);
insert into product_21072018 (id, description, price, quantity, active, category_id, user_id) values (53, 'sagittis dui vel nisl duis ac nibh fusce lacus purus aliquet at feugiat non pretium quis', 14527, 13, false, 13, 55);
insert into product_21072018 (id, description, price, quantity, active, category_id, user_id) values (54, 'penatibus et magnis dis parturient montes nascetur ridiculus mus etiam vel augue vestibulum', 87335, 99, true, 17, 77);
insert into product_21072018 (id, description, price, quantity, active, category_id, user_id) values (55, 'tortor duis mattis egestas metus aenean fermentum donec ut mauris eget massa tempor convallis nulla', 10239, 16, false, 14, 36);
insert into product_21072018 (id, description, price, quantity, active, category_id, user_id) values (56, 'nec nisi volutpat eleifend donec ut dolor morbi vel lectus in quam fringilla rhoncus mauris enim leo rhoncus sed vestibulum', 91030, 25, true, 12, 10);
insert into product_21072018 (id, description, price, quantity, active, category_id, user_id) values (57, 'consectetuer eget rutrum at lorem integer tincidunt ante vel ipsum praesent blandit lacinia erat vestibulum sed', 37613, 12, false, 5, 79);
insert into product_21072018 (id, description, price, quantity, active, category_id, user_id) values (58, 'tortor quis turpis sed ante vivamus tortor duis mattis egestas metus aenean fermentum donec ut mauris eget massa tempor convallis', 59734, 72, false, 5, 14);
insert into product_21072018 (id, description, price, quantity, active, category_id, user_id) values (59, 'integer pede justo lacinia eget tincidunt eget tempus vel pede morbi porttitor lorem', 24118, 21, false, 14, 71);
insert into product_21072018 (id, description, price, quantity, active, category_id, user_id) values (60, 'lobortis ligula sit amet eleifend pede libero quis orci nullam molestie nibh in lectus pellentesque at nulla suspendisse', 37880, 50, false, 18, 3);
insert into product_21072018 (id, description, price, quantity, active, category_id, user_id) values (61, 'sit amet eros suspendisse accumsan tortor quis turpis sed ante vivamus tortor', 5046, 87, false, 5, 22);
insert into product_21072018 (id, description, price, quantity, active, category_id, user_id) values (62, 'fermentum donec ut mauris eget massa tempor convallis nulla neque libero convallis eget eleifend luctus ultricies eu nibh', 48559, 20, false, 11, 44);
insert into product_21072018 (id, description, price, quantity, active, category_id, user_id) values (63, 'duis bibendum felis sed interdum venenatis turpis enim blandit mi in porttitor pede justo eu massa donec dapibus duis at', 13099, 47, true, 2, 11);
insert into product_21072018 (id, description, price, quantity, active, category_id, user_id) values (64, 'ut massa volutpat convallis morbi odio odio elementum eu interdum eu tincidunt in leo maecenas', 78971, 8, true, 1, 54);
insert into product_21072018 (id, description, price, quantity, active, category_id, user_id) values (65, 'purus phasellus in felis donec semper sapien a libero nam', 39307, 40, false, 14, 37);
insert into product_21072018 (id, description, price, quantity, active, category_id, user_id) values (66, 'lobortis convallis tortor risus dapibus augue vel accumsan tellus nisi eu orci mauris lacinia sapien quis libero', 86336, 98, false, 15, 64);
insert into product_21072018 (id, description, price, quantity, active, category_id, user_id) values (67, 'ultrices aliquet maecenas leo odio condimentum id luctus nec molestie sed justo pellentesque viverra pede ac diam cras', 32149, 82, true, 9, 69);
insert into product_21072018 (id, description, price, quantity, active, category_id, user_id) values (68, 'in est risus auctor sed tristique in tempus sit amet', 43957, 23, false, 2, 58);
insert into product_21072018 (id, description, price, quantity, active, category_id, user_id) values (69, 'eleifend pede libero quis orci nullam molestie nibh in lectus pellentesque at nulla suspendisse', 86356, 7, false, 19, 15);
insert into product_21072018 (id, description, price, quantity, active, category_id, user_id) values (70, 'sociis natoque penatibus et magnis dis parturient montes nascetur ridiculus mus etiam vel', 7752, 31, false, 11, 74);
insert into product_21072018 (id, description, price, quantity, active, category_id, user_id) values (71, 'at vulputate vitae nisl aenean lectus pellentesque eget nunc donec', 92866, 20, false, 2, 97);
insert into product_21072018 (id, description, price, quantity, active, category_id, user_id) values (72, 'tortor id nulla ultrices aliquet maecenas leo odio condimentum id luctus nec molestie sed', 11768, 31, false, 5, 11);
insert into product_21072018 (id, description, price, quantity, active, category_id, user_id) values (73, 'ante vivamus tortor duis mattis egestas metus aenean fermentum donec', 51113, 78, false, 11, 28);
insert into product_21072018 (id, description, price, quantity, active, category_id, user_id) values (74, 'fermentum justo nec condimentum neque sapien placerat ante nulla justo aliquam', 50699, 96, true, 15, 59);
insert into product_21072018 (id, description, price, quantity, active, category_id, user_id) values (75, 'ipsum dolor sit amet consectetuer adipiscing elit proin interdum mauris non', 68395, 92, false, 4, 19);
insert into product_21072018 (id, description, price, quantity, active, category_id, user_id) values (76, 'semper rutrum nulla nunc purus phasellus in felis donec semper sapien a libero nam', 33453, 76, false, 20, 88);
insert into product_21072018 (id, description, price, quantity, active, category_id, user_id) values (77, 'lacinia sapien quis libero nullam sit amet turpis elementum ligula vehicula consequat morbi', 45459, 61, false, 14, 53);
insert into product_21072018 (id, description, price, quantity, active, category_id, user_id) values (78, 'convallis nulla neque libero convallis eget eleifend luctus ultricies eu nibh quisque id justo sit amet sapien dignissim', 86192, 87, false, 11, 93);
insert into product_21072018 (id, description, price, quantity, active, category_id, user_id) values (79, 'curabitur at ipsum ac tellus semper interdum mauris ullamcorper purus sit amet nulla quisque arcu libero rutrum ac lobortis vel', 86929, 6, true, 4, 12);
insert into product_21072018 (id, description, price, quantity, active, category_id, user_id) values (80, 'est donec odio justo sollicitudin ut suscipit a feugiat et eros vestibulum', 90359, 74, true, 8, 51);
insert into product_21072018 (id, description, price, quantity, active, category_id, user_id) values (81, 'congue etiam justo etiam pretium iaculis justo in hac habitasse platea dictumst etiam faucibus cursus urna ut tellus nulla ut', 10189, 51, true, 18, 23);
insert into product_21072018 (id, description, price, quantity, active, category_id, user_id) values (82, 'sociis natoque penatibus et magnis dis parturient montes nascetur ridiculus mus vivamus vestibulum sagittis sapien cum sociis natoque', 68032, 43, true, 6, 86);
insert into product_21072018 (id, description, price, quantity, active, category_id, user_id) values (83, 'lorem ipsum dolor sit amet consectetuer adipiscing elit proin risus praesent lectus vestibulum quam sapien', 8748, 91, true, 12, 84);
insert into product_21072018 (id, description, price, quantity, active, category_id, user_id) values (84, 'in hac habitasse platea dictumst maecenas ut massa quis augue luctus tincidunt nulla', 41261, 77, true, 6, 75);
insert into product_21072018 (id, description, price, quantity, active, category_id, user_id) values (85, 'in faucibus orci luctus et ultrices posuere cubilia curae nulla dapibus dolor', 42947, 2, false, 4, 8);
insert into product_21072018 (id, description, price, quantity, active, category_id, user_id) values (86, 'ut ultrices vel augue vestibulum ante ipsum primis in faucibus orci luctus et ultrices posuere cubilia curae donec', 50047, 22, false, 8, 100);
insert into product_21072018 (id, description, price, quantity, active, category_id, user_id) values (87, 'cras mi pede malesuada in imperdiet et commodo vulputate justo in blandit ultrices enim lorem', 61394, 3, true, 3, 98);
insert into product_21072018 (id, description, price, quantity, active, category_id, user_id) values (88, 'dapibus dolor vel est donec odio justo sollicitudin ut suscipit a feugiat et eros vestibulum ac est lacinia nisi', 92260, 8, true, 19, 48);
insert into product_21072018 (id, description, price, quantity, active, category_id, user_id) values (89, 'ac diam cras pellentesque volutpat dui maecenas tristique est et tempus semper est quam pharetra magna ac consequat', 15939, 82, true, 12, 94);
insert into product_21072018 (id, description, price, quantity, active, category_id, user_id) values (90, 'nisl venenatis lacinia aenean sit amet justo morbi ut odio cras mi pede malesuada in', 21004, 97, true, 10, 82);
insert into product_21072018 (id, description, price, quantity, active, category_id, user_id) values (91, 'quam fringilla rhoncus mauris enim leo rhoncus sed vestibulum sit amet cursus id turpis integer', 70526, 18, true, 18, 6);
insert into product_21072018 (id, description, price, quantity, active, category_id, user_id) values (92, 'leo pellentesque ultrices mattis odio donec vitae nisi nam ultrices libero non mattis pulvinar nulla pede ullamcorper', 13977, 43, false, 12, 86);
insert into product_21072018 (id, description, price, quantity, active, category_id, user_id) values (93, 'fusce posuere felis sed lacus morbi sem mauris laoreet ut rhoncus aliquet pulvinar', 54841, 23, true, 18, 65);
insert into product_21072018 (id, description, price, quantity, active, category_id, user_id) values (94, 'et ultrices posuere cubilia curae donec pharetra magna vestibulum aliquet ultrices erat tortor sollicitudin mi sit amet lobortis sapien sapien', 1212, 87, true, 11, 78);
insert into product_21072018 (id, description, price, quantity, active, category_id, user_id) values (95, 'cubilia curae donec pharetra magna vestibulum aliquet ultrices erat tortor sollicitudin mi sit amet', 14452, 36, false, 9, 47);
insert into product_21072018 (id, description, price, quantity, active, category_id, user_id) values (96, 'a suscipit nulla elit ac nulla sed vel enim sit amet nunc viverra dapibus nulla suscipit', 84542, 60, false, 14, 82);
insert into product_21072018 (id, description, price, quantity, active, category_id, user_id) values (97, 'cubilia curae mauris viverra diam vitae quam suspendisse potenti nullam porttitor lacus', 9185, 43, false, 10, 63);
insert into product_21072018 (id, description, price, quantity, active, category_id, user_id) values (98, 'mauris eget massa tempor convallis nulla neque libero convallis eget eleifend luctus ultricies eu nibh quisque id justo', 76131, 29, false, 7, 91);
insert into product_21072018 (id, description, price, quantity, active, category_id, user_id) values (99, 'ut mauris eget massa tempor convallis nulla neque libero convallis eget eleifend', 16367, 42, true, 9, 11);
insert into product_21072018 (id, description, price, quantity, active, category_id, user_id) values (100, 'sit amet cursus id turpis integer aliquet massa id lobortis convallis tortor risus dapibus augue', 36991, 92, false, 4, 93);
insert into product_21072018 (id, description, price, quantity, active, category_id, user_id) values (101, 'quis libero nullam sit amet turpis elementum ligula vehicula consequat morbi a ipsum integer a nibh in quis justo maecenas', 3685, 84, true, 1, 49);
insert into product_21072018 (id, description, price, quantity, active, category_id, user_id) values (102, 'faucibus orci luctus et ultrices posuere cubilia curae nulla dapibus dolor vel est donec odio justo sollicitudin ut', 21028, 55, true, 2, 32);
insert into product_21072018 (id, description, price, quantity, active, category_id, user_id) values (103, 'arcu adipiscing molestie hendrerit at vulputate vitae nisl aenean lectus pellentesque eget nunc donec quis orci eget orci vehicula', 42663, 59, false, 5, 58);
insert into product_21072018 (id, description, price, quantity, active, category_id, user_id) values (104, 'laoreet ut rhoncus aliquet pulvinar sed nisl nunc rhoncus dui vel sem', 12827, 92, true, 19, 38);
insert into product_21072018 (id, description, price, quantity, active, category_id, user_id) values (105, 'odio cras mi pede malesuada in imperdiet et commodo vulputate justo in blandit ultrices enim', 55991, 21, true, 10, 26);
insert into product_21072018 (id, description, price, quantity, active, category_id, user_id) values (106, 'porta volutpat erat quisque erat eros viverra eget congue eget semper rutrum nulla nunc purus phasellus in felis', 31358, 49, false, 6, 63);
insert into product_21072018 (id, description, price, quantity, active, category_id, user_id) values (107, 'tempus sit amet sem fusce consequat nulla nisl nunc nisl duis bibendum felis sed interdum venenatis turpis enim blandit', 5473, 18, true, 10, 8);
insert into product_21072018 (id, description, price, quantity, active, category_id, user_id) values (108, 'eros viverra eget congue eget semper rutrum nulla nunc purus phasellus', 78999, 65, false, 16, 52);
insert into product_21072018 (id, description, price, quantity, active, category_id, user_id) values (109, 'aliquet massa id lobortis convallis tortor risus dapibus augue vel accumsan tellus nisi eu orci mauris', 5406, 39, true, 2, 61);
insert into product_21072018 (id, description, price, quantity, active, category_id, user_id) values (110, 'habitasse platea dictumst aliquam augue quam sollicitudin vitae consectetuer eget rutrum at lorem', 71990, 98, true, 10, 1);
insert into product_21072018 (id, description, price, quantity, active, category_id, user_id) values (111, 'libero rutrum ac lobortis vel dapibus at diam nam tristique tortor', 68083, 89, true, 9, 8);
insert into product_21072018 (id, description, price, quantity, active, category_id, user_id) values (112, 'integer tincidunt ante vel ipsum praesent blandit lacinia erat vestibulum sed', 7795, 54, false, 10, 6);
insert into product_21072018 (id, description, price, quantity, active, category_id, user_id) values (113, 'leo odio porttitor id consequat in consequat ut nulla sed accumsan', 23899, 36, true, 6, 75);
insert into product_21072018 (id, description, price, quantity, active, category_id, user_id) values (114, 'ac nulla sed vel enim sit amet nunc viverra dapibus nulla suscipit ligula in lacus curabitur', 58395, 99, false, 20, 94);
insert into product_21072018 (id, description, price, quantity, active, category_id, user_id) values (115, 'eget vulputate ut ultrices vel augue vestibulum ante ipsum primis in faucibus orci luctus et ultrices posuere cubilia curae', 15358, 34, false, 20, 12);
insert into product_21072018 (id, description, price, quantity, active, category_id, user_id) values (116, 'est phasellus sit amet erat nulla tempus vivamus in felis eu sapien cursus', 91340, 17, true, 11, 87);
insert into product_21072018 (id, description, price, quantity, active, category_id, user_id) values (117, 'eros vestibulum ac est lacinia nisi venenatis tristique fusce congue diam id ornare imperdiet sapien', 66200, 49, true, 17, 94);
insert into product_21072018 (id, description, price, quantity, active, category_id, user_id) values (118, 'mauris enim leo rhoncus sed vestibulum sit amet cursus id turpis integer aliquet massa id lobortis convallis tortor risus', 71548, 72, true, 13, 25);
insert into product_21072018 (id, description, price, quantity, active, category_id, user_id) values (119, 'vitae ipsum aliquam non mauris morbi non lectus aliquam sit amet diam', 51040, 88, false, 15, 3);
insert into product_21072018 (id, description, price, quantity, active, category_id, user_id) values (120, 'sit amet sem fusce consequat nulla nisl nunc nisl duis bibendum felis sed interdum venenatis', 53682, 66, true, 13, 42);
insert into product_21072018 (id, description, price, quantity, active, category_id, user_id) values (121, 'in sapien iaculis congue vivamus metus arcu adipiscing molestie hendrerit at vulputate vitae nisl aenean lectus pellentesque eget nunc donec', 82225, 96, false, 20, 71);
insert into product_21072018 (id, description, price, quantity, active, category_id, user_id) values (122, 'non quam nec dui luctus rutrum nulla tellus in sagittis dui vel nisl duis', 9644, 74, false, 17, 57);
insert into product_21072018 (id, description, price, quantity, active, category_id, user_id) values (123, 'duis bibendum felis sed interdum venenatis turpis enim blandit mi', 3481, 24, true, 3, 26);
insert into product_21072018 (id, description, price, quantity, active, category_id, user_id) values (124, 'aliquet maecenas leo odio condimentum id luctus nec molestie sed justo pellentesque', 57349, 55, false, 16, 38);
insert into product_21072018 (id, description, price, quantity, active, category_id, user_id) values (125, 'semper sapien a libero nam dui proin leo odio porttitor', 22377, 73, true, 15, 7);
insert into product_21072018 (id, description, price, quantity, active, category_id, user_id) values (126, 'ante vel ipsum praesent blandit lacinia erat vestibulum sed magna at nunc commodo placerat praesent blandit nam', 97681, 33, false, 7, 23);
insert into product_21072018 (id, description, price, quantity, active, category_id, user_id) values (127, 'dapibus nulla suscipit ligula in lacus curabitur at ipsum ac tellus semper interdum mauris ullamcorper purus sit amet nulla quisque', 79360, 34, false, 9, 61);
insert into product_21072018 (id, description, price, quantity, active, category_id, user_id) values (128, 'ultricies eu nibh quisque id justo sit amet sapien dignissim vestibulum vestibulum ante ipsum primis in faucibus orci', 58017, 32, true, 10, 1);
insert into product_21072018 (id, description, price, quantity, active, category_id, user_id) values (129, 'sociis natoque penatibus et magnis dis parturient montes nascetur ridiculus mus vivamus vestibulum sagittis sapien cum', 89911, 63, false, 20, 87);
insert into product_21072018 (id, description, price, quantity, active, category_id, user_id) values (130, 'accumsan felis ut at dolor quis odio consequat varius integer ac leo', 38995, 73, false, 6, 29);
insert into product_21072018 (id, description, price, quantity, active, category_id, user_id) values (131, 'etiam vel augue vestibulum rutrum rutrum neque aenean auctor gravida sem praesent id', 99502, 95, true, 11, 61);
insert into product_21072018 (id, description, price, quantity, active, category_id, user_id) values (132, 'cursus vestibulum proin eu mi nulla ac enim in tempor turpis nec euismod scelerisque quam turpis adipiscing', 60897, 93, true, 11, 68);
insert into product_21072018 (id, description, price, quantity, active, category_id, user_id) values (133, 'vulputate ut ultrices vel augue vestibulum ante ipsum primis in faucibus orci luctus et ultrices posuere cubilia curae donec', 13741, 20, false, 4, 21);
insert into product_21072018 (id, description, price, quantity, active, category_id, user_id) values (134, 'ultrices aliquet maecenas leo odio condimentum id luctus nec molestie sed', 64038, 72, true, 20, 57);
insert into product_21072018 (id, description, price, quantity, active, category_id, user_id) values (135, 'curabitur convallis duis consequat dui nec nisi volutpat eleifend donec ut dolor morbi vel lectus in quam fringilla rhoncus', 93513, 19, true, 16, 12);
insert into product_21072018 (id, description, price, quantity, active, category_id, user_id) values (136, 'congue eget semper rutrum nulla nunc purus phasellus in felis donec semper sapien', 99416, 68, false, 13, 32);
insert into product_21072018 (id, description, price, quantity, active, category_id, user_id) values (137, 'suscipit ligula in lacus curabitur at ipsum ac tellus semper interdum mauris', 78076, 78, false, 18, 26);
insert into product_21072018 (id, description, price, quantity, active, category_id, user_id) values (138, 'orci mauris lacinia sapien quis libero nullam sit amet turpis elementum ligula vehicula consequat morbi a ipsum integer a', 87708, 60, true, 14, 15);
insert into product_21072018 (id, description, price, quantity, active, category_id, user_id) values (139, 'ac tellus semper interdum mauris ullamcorper purus sit amet nulla quisque arcu libero', 55708, 41, false, 15, 77);
insert into product_21072018 (id, description, price, quantity, active, category_id, user_id) values (140, 'quis turpis sed ante vivamus tortor duis mattis egestas metus aenean fermentum donec ut mauris', 45962, 43, false, 13, 27);
insert into product_21072018 (id, description, price, quantity, active, category_id, user_id) values (141, 'nascetur ridiculus mus etiam vel augue vestibulum rutrum rutrum neque aenean auctor', 11368, 65, false, 12, 38);
insert into product_21072018 (id, description, price, quantity, active, category_id, user_id) values (142, 'integer aliquet massa id lobortis convallis tortor risus dapibus augue vel accumsan tellus nisi eu orci mauris lacinia sapien', 87977, 45, true, 10, 11);
insert into product_21072018 (id, description, price, quantity, active, category_id, user_id) values (143, 'enim leo rhoncus sed vestibulum sit amet cursus id turpis integer aliquet massa id lobortis convallis tortor risus dapibus', 7333, 69, false, 2, 77);
insert into product_21072018 (id, description, price, quantity, active, category_id, user_id) values (144, 'volutpat convallis morbi odio odio elementum eu interdum eu tincidunt in leo maecenas pulvinar lobortis', 48873, 16, true, 4, 48);
insert into product_21072018 (id, description, price, quantity, active, category_id, user_id) values (145, 'venenatis non sodales sed tincidunt eu felis fusce posuere felis sed lacus morbi sem mauris laoreet', 29238, 79, false, 20, 77);
insert into product_21072018 (id, description, price, quantity, active, category_id, user_id) values (146, 'ut mauris eget massa tempor convallis nulla neque libero convallis eget eleifend luctus ultricies eu nibh quisque id justo', 77059, 84, false, 17, 30);
insert into product_21072018 (id, description, price, quantity, active, category_id, user_id) values (147, 'tellus semper interdum mauris ullamcorper purus sit amet nulla quisque arcu libero rutrum ac lobortis vel dapibus at', 45289, 93, true, 4, 86);
insert into product_21072018 (id, description, price, quantity, active, category_id, user_id) values (148, 'sed magna at nunc commodo placerat praesent blandit nam nulla integer pede justo lacinia', 36888, 24, true, 7, 71);
insert into product_21072018 (id, description, price, quantity, active, category_id, user_id) values (149, 'felis ut at dolor quis odio consequat varius integer ac leo pellentesque', 66725, 86, true, 17, 40);
insert into product_21072018 (id, description, price, quantity, active, category_id, user_id) values (150, 'justo in blandit ultrices enim lorem ipsum dolor sit amet consectetuer adipiscing elit proin interdum', 98021, 35, true, 17, 43);
insert into product_21072018 (id, description, price, quantity, active, category_id, user_id) values (151, 'justo sit amet sapien dignissim vestibulum vestibulum ante ipsum primis in faucibus orci luctus et ultrices posuere cubilia curae', 81419, 2, false, 16, 68);
insert into product_21072018 (id, description, price, quantity, active, category_id, user_id) values (152, 'tellus nisi eu orci mauris lacinia sapien quis libero nullam sit amet turpis elementum', 94799, 68, true, 16, 83);
insert into product_21072018 (id, description, price, quantity, active, category_id, user_id) values (153, 'ultrices posuere cubilia curae mauris viverra diam vitae quam suspendisse potenti nullam porttitor lacus at turpis donec posuere metus', 4113, 59, true, 15, 7);
insert into product_21072018 (id, description, price, quantity, active, category_id, user_id) values (154, 'nisl aenean lectus pellentesque eget nunc donec quis orci eget orci vehicula', 85103, 45, false, 5, 53);
insert into product_21072018 (id, description, price, quantity, active, category_id, user_id) values (155, 'at velit eu est congue elementum in hac habitasse platea dictumst morbi vestibulum velit', 7450, 94, false, 18, 100);
insert into product_21072018 (id, description, price, quantity, active, category_id, user_id) values (156, 'eros vestibulum ac est lacinia nisi venenatis tristique fusce congue', 42683, 52, false, 4, 61);
insert into product_21072018 (id, description, price, quantity, active, category_id, user_id) values (157, 'curae duis faucibus accumsan odio curabitur convallis duis consequat dui nec nisi volutpat eleifend donec ut', 7807, 57, true, 20, 8);
insert into product_21072018 (id, description, price, quantity, active, category_id, user_id) values (158, 'odio cras mi pede malesuada in imperdiet et commodo vulputate justo in blandit ultrices enim lorem', 69880, 56, false, 10, 22);
insert into product_21072018 (id, description, price, quantity, active, category_id, user_id) values (159, 'potenti cras in purus eu magna vulputate luctus cum sociis natoque penatibus et magnis dis parturient montes nascetur ridiculus', 92005, 100, false, 11, 13);
insert into product_21072018 (id, description, price, quantity, active, category_id, user_id) values (160, 'morbi porttitor lorem id ligula suspendisse ornare consequat lectus in est risus', 86365, 67, true, 7, 82);
insert into product_21072018 (id, description, price, quantity, active, category_id, user_id) values (161, 'dui vel nisl duis ac nibh fusce lacus purus aliquet at feugiat non pretium quis lectus suspendisse', 49673, 26, false, 19, 33);
insert into product_21072018 (id, description, price, quantity, active, category_id, user_id) values (162, 'maecenas tristique est et tempus semper est quam pharetra magna ac consequat metus sapien ut nunc vestibulum ante ipsum', 74022, 76, true, 13, 72);
insert into product_21072018 (id, description, price, quantity, active, category_id, user_id) values (163, 'vestibulum aliquet ultrices erat tortor sollicitudin mi sit amet lobortis sapien sapien non', 19902, 100, true, 19, 11);
insert into product_21072018 (id, description, price, quantity, active, category_id, user_id) values (164, 'blandit lacinia erat vestibulum sed magna at nunc commodo placerat praesent blandit nam nulla', 9088, 65, true, 4, 51);
insert into product_21072018 (id, description, price, quantity, active, category_id, user_id) values (165, 'turpis enim blandit mi in porttitor pede justo eu massa donec dapibus duis at velit', 62145, 68, false, 20, 86);
insert into product_21072018 (id, description, price, quantity, active, category_id, user_id) values (166, 'ultrices mattis odio donec vitae nisi nam ultrices libero non mattis pulvinar', 31514, 22, false, 11, 3);
insert into product_21072018 (id, description, price, quantity, active, category_id, user_id) values (167, 'commodo vulputate justo in blandit ultrices enim lorem ipsum dolor sit amet consectetuer adipiscing elit proin interdum mauris non ligula', 87671, 45, true, 2, 100);
insert into product_21072018 (id, description, price, quantity, active, category_id, user_id) values (168, 'accumsan odio curabitur convallis duis consequat dui nec nisi volutpat eleifend donec ut dolor morbi vel lectus in quam fringilla', 99078, 36, true, 1, 90);
insert into product_21072018 (id, description, price, quantity, active, category_id, user_id) values (169, 'ut rhoncus aliquet pulvinar sed nisl nunc rhoncus dui vel sem sed sagittis nam congue risus semper porta volutpat', 27679, 47, false, 3, 78);
insert into product_21072018 (id, description, price, quantity, active, category_id, user_id) values (170, 'hendrerit at vulputate vitae nisl aenean lectus pellentesque eget nunc donec quis orci eget orci vehicula condimentum curabitur in', 36259, 38, false, 12, 36);
insert into product_21072018 (id, description, price, quantity, active, category_id, user_id) values (171, 'platea dictumst aliquam augue quam sollicitudin vitae consectetuer eget rutrum at lorem', 12909, 67, true, 3, 76);
insert into product_21072018 (id, description, price, quantity, active, category_id, user_id) values (172, 'aliquet pulvinar sed nisl nunc rhoncus dui vel sem sed sagittis', 36247, 60, true, 8, 91);
insert into product_21072018 (id, description, price, quantity, active, category_id, user_id) values (173, 'vel augue vestibulum rutrum rutrum neque aenean auctor gravida sem praesent id', 2412, 85, false, 11, 57);
insert into product_21072018 (id, description, price, quantity, active, category_id, user_id) values (174, 'duis ac nibh fusce lacus purus aliquet at feugiat non pretium quis lectus suspendisse potenti in eleifend quam', 37342, 35, true, 20, 15);
insert into product_21072018 (id, description, price, quantity, active, category_id, user_id) values (175, 'mauris morbi non lectus aliquam sit amet diam in magna bibendum imperdiet nullam orci pede', 49675, 76, true, 7, 13);
insert into product_21072018 (id, description, price, quantity, active, category_id, user_id) values (176, 'sed magna at nunc commodo placerat praesent blandit nam nulla integer pede', 71094, 18, false, 8, 63);
insert into product_21072018 (id, description, price, quantity, active, category_id, user_id) values (177, 'in faucibus orci luctus et ultrices posuere cubilia curae duis faucibus accumsan odio curabitur', 82627, 44, false, 5, 74);
insert into product_21072018 (id, description, price, quantity, active, category_id, user_id) values (178, 'in felis eu sapien cursus vestibulum proin eu mi nulla ac', 83643, 61, false, 7, 72);
insert into product_21072018 (id, description, price, quantity, active, category_id, user_id) values (179, 'nulla facilisi cras non velit nec nisi vulputate nonummy maecenas tincidunt lacus at velit vivamus vel nulla eget eros elementum', 47784, 94, true, 4, 88);
insert into product_21072018 (id, description, price, quantity, active, category_id, user_id) values (180, 'curae nulla dapibus dolor vel est donec odio justo sollicitudin ut suscipit', 35993, 2, false, 7, 64);
insert into product_21072018 (id, description, price, quantity, active, category_id, user_id) values (181, 'quis orci nullam molestie nibh in lectus pellentesque at nulla suspendisse potenti cras in purus eu magna vulputate luctus', 91161, 78, true, 8, 2);
insert into product_21072018 (id, description, price, quantity, active, category_id, user_id) values (182, 'dui proin leo odio porttitor id consequat in consequat ut nulla sed', 51309, 16, true, 3, 91);
insert into product_21072018 (id, description, price, quantity, active, category_id, user_id) values (183, 'at velit vivamus vel nulla eget eros elementum pellentesque quisque porta volutpat erat quisque erat eros viverra eget', 51093, 68, false, 20, 9);
insert into product_21072018 (id, description, price, quantity, active, category_id, user_id) values (184, 'eget rutrum at lorem integer tincidunt ante vel ipsum praesent blandit lacinia erat vestibulum sed magna at nunc commodo placerat', 86569, 12, true, 17, 3);
insert into product_21072018 (id, description, price, quantity, active, category_id, user_id) values (185, 'neque libero convallis eget eleifend luctus ultricies eu nibh quisque id justo sit amet sapien dignissim vestibulum vestibulum', 27432, 1, false, 15, 100);
insert into product_21072018 (id, description, price, quantity, active, category_id, user_id) values (186, 'aliquam augue quam sollicitudin vitae consectetuer eget rutrum at lorem integer tincidunt ante vel ipsum praesent blandit', 8246, 16, false, 8, 99);
insert into product_21072018 (id, description, price, quantity, active, category_id, user_id) values (187, 'nisl duis ac nibh fusce lacus purus aliquet at feugiat non pretium quis lectus', 35855, 99, false, 17, 24);
insert into product_21072018 (id, description, price, quantity, active, category_id, user_id) values (188, 'dapibus augue vel accumsan tellus nisi eu orci mauris lacinia sapien quis libero nullam sit amet', 80240, 24, false, 7, 97);
insert into product_21072018 (id, description, price, quantity, active, category_id, user_id) values (189, 'sit amet consectetuer adipiscing elit proin risus praesent lectus vestibulum quam sapien varius ut blandit non', 44161, 2, true, 19, 78);
insert into product_21072018 (id, description, price, quantity, active, category_id, user_id) values (190, 'quis lectus suspendisse potenti in eleifend quam a odio in hac habitasse platea dictumst maecenas ut massa quis', 81910, 40, true, 3, 50);
insert into product_21072018 (id, description, price, quantity, active, category_id, user_id) values (191, 'morbi ut odio cras mi pede malesuada in imperdiet et commodo', 30371, 41, true, 16, 69);
insert into product_21072018 (id, description, price, quantity, active, category_id, user_id) values (192, 'ac tellus semper interdum mauris ullamcorper purus sit amet nulla quisque arcu', 51935, 37, true, 17, 73);
insert into product_21072018 (id, description, price, quantity, active, category_id, user_id) values (193, 'molestie lorem quisque ut erat curabitur gravida nisi at nibh in hac habitasse platea dictumst aliquam augue quam sollicitudin vitae', 95948, 89, true, 2, 92);
insert into product_21072018 (id, description, price, quantity, active, category_id, user_id) values (194, 'pellentesque volutpat dui maecenas tristique est et tempus semper est quam pharetra magna ac', 28130, 93, true, 17, 79);
insert into product_21072018 (id, description, price, quantity, active, category_id, user_id) values (195, 'felis eu sapien cursus vestibulum proin eu mi nulla ac enim in tempor turpis nec euismod', 8679, 92, false, 6, 24);
insert into product_21072018 (id, description, price, quantity, active, category_id, user_id) values (196, 'metus arcu adipiscing molestie hendrerit at vulputate vitae nisl aenean lectus pellentesque eget nunc donec quis orci eget orci vehicula', 30785, 10, true, 16, 8);
insert into product_21072018 (id, description, price, quantity, active, category_id, user_id) values (197, 'mi nulla ac enim in tempor turpis nec euismod scelerisque quam turpis adipiscing lorem', 69393, 88, false, 10, 76);
insert into product_21072018 (id, description, price, quantity, active, category_id, user_id) values (198, 'orci vehicula condimentum curabitur in libero ut massa volutpat convallis morbi odio odio elementum eu interdum eu', 62016, 87, false, 2, 57);
insert into product_21072018 (id, description, price, quantity, active, category_id, user_id) values (199, 'cras pellentesque volutpat dui maecenas tristique est et tempus semper est quam pharetra magna ac consequat metus', 55214, 25, true, 12, 48);
insert into product_21072018 (id, description, price, quantity, active, category_id, user_id) values (200, 'maecenas rhoncus aliquam lacus morbi quis tortor id nulla ultrices aliquet maecenas leo odio condimentum id luctus nec molestie sed', 57865, 49, false, 14, 11);
insert into product_21072018 (id, description, price, quantity, active, category_id, user_id) values (201, 'fermentum donec ut mauris eget massa tempor convallis nulla neque libero convallis eget eleifend luctus ultricies eu nibh quisque id', 85617, 70, true, 10, 13);
insert into product_21072018 (id, description, price, quantity, active, category_id, user_id) values (202, 'dapibus dolor vel est donec odio justo sollicitudin ut suscipit a', 40567, 55, true, 17, 41);
insert into product_21072018 (id, description, price, quantity, active, category_id, user_id) values (203, 'amet eleifend pede libero quis orci nullam molestie nibh in lectus pellentesque', 54883, 71, true, 12, 26);
insert into product_21072018 (id, description, price, quantity, active, category_id, user_id) values (204, 'auctor gravida sem praesent id massa id nisl venenatis lacinia aenean', 32086, 38, false, 11, 96);
insert into product_21072018 (id, description, price, quantity, active, category_id, user_id) values (205, 'sed vel enim sit amet nunc viverra dapibus nulla suscipit ligula', 58636, 52, false, 12, 68);
insert into product_21072018 (id, description, price, quantity, active, category_id, user_id) values (206, 'pharetra magna vestibulum aliquet ultrices erat tortor sollicitudin mi sit amet lobortis', 32335, 98, false, 17, 81);
insert into product_21072018 (id, description, price, quantity, active, category_id, user_id) values (207, 'dolor sit amet consectetuer adipiscing elit proin risus praesent lectus vestibulum', 43364, 65, false, 18, 37);
insert into product_21072018 (id, description, price, quantity, active, category_id, user_id) values (208, 'libero nam dui proin leo odio porttitor id consequat in consequat ut nulla sed accumsan felis ut at dolor', 32526, 1, true, 4, 25);
insert into product_21072018 (id, description, price, quantity, active, category_id, user_id) values (209, 'ut erat id mauris vulputate elementum nullam varius nulla facilisi cras', 89006, 88, false, 16, 60);
insert into product_21072018 (id, description, price, quantity, active, category_id, user_id) values (210, 'justo in hac habitasse platea dictumst etiam faucibus cursus urna ut tellus nulla ut erat id mauris vulputate', 78333, 58, false, 16, 95);
insert into product_21072018 (id, description, price, quantity, active, category_id, user_id) values (211, 'mauris morbi non lectus aliquam sit amet diam in magna bibendum imperdiet nullam orci pede', 52314, 64, false, 11, 1);
insert into product_21072018 (id, description, price, quantity, active, category_id, user_id) values (212, 'ligula suspendisse ornare consequat lectus in est risus auctor sed tristique in tempus', 91377, 43, true, 3, 14);
insert into product_21072018 (id, description, price, quantity, active, category_id, user_id) values (213, 'mauris enim leo rhoncus sed vestibulum sit amet cursus id turpis integer aliquet massa id lobortis', 71433, 3, false, 18, 22);
insert into product_21072018 (id, description, price, quantity, active, category_id, user_id) values (214, 'nec molestie sed justo pellentesque viverra pede ac diam cras pellentesque volutpat dui maecenas tristique est et tempus semper est', 53545, 71, false, 3, 92);
insert into product_21072018 (id, description, price, quantity, active, category_id, user_id) values (215, 'primis in faucibus orci luctus et ultrices posuere cubilia curae duis faucibus', 54468, 51, false, 5, 78);
insert into product_21072018 (id, description, price, quantity, active, category_id, user_id) values (216, 'vivamus vel nulla eget eros elementum pellentesque quisque porta volutpat erat quisque erat eros viverra eget congue eget semper rutrum', 35339, 72, true, 14, 79);
insert into product_21072018 (id, description, price, quantity, active, category_id, user_id) values (217, 'at velit vivamus vel nulla eget eros elementum pellentesque quisque porta volutpat erat quisque', 89162, 88, false, 3, 26);
insert into product_21072018 (id, description, price, quantity, active, category_id, user_id) values (218, 'elementum pellentesque quisque porta volutpat erat quisque erat eros viverra eget congue eget semper rutrum nulla nunc purus phasellus', 22103, 78, true, 19, 13);
insert into product_21072018 (id, description, price, quantity, active, category_id, user_id) values (219, 'ut ultrices vel augue vestibulum ante ipsum primis in faucibus orci luctus et ultrices posuere cubilia curae donec', 49848, 34, false, 1, 87);
insert into product_21072018 (id, description, price, quantity, active, category_id, user_id) values (220, 'vel ipsum praesent blandit lacinia erat vestibulum sed magna at nunc commodo placerat praesent blandit nam nulla integer pede justo', 29586, 2, true, 9, 67);
insert into product_21072018 (id, description, price, quantity, active, category_id, user_id) values (221, 'et commodo vulputate justo in blandit ultrices enim lorem ipsum dolor sit amet', 5873, 89, true, 8, 2);
insert into product_21072018 (id, description, price, quantity, active, category_id, user_id) values (222, 'rhoncus mauris enim leo rhoncus sed vestibulum sit amet cursus id turpis integer aliquet massa', 82403, 72, false, 16, 42);
insert into product_21072018 (id, description, price, quantity, active, category_id, user_id) values (223, 'donec ut dolor morbi vel lectus in quam fringilla rhoncus mauris enim leo rhoncus sed vestibulum sit', 4959, 34, true, 3, 30);
insert into product_21072018 (id, description, price, quantity, active, category_id, user_id) values (224, 'ultrices phasellus id sapien in sapien iaculis congue vivamus metus arcu adipiscing molestie hendrerit at vulputate vitae nisl', 40000, 33, true, 19, 66);
insert into product_21072018 (id, description, price, quantity, active, category_id, user_id) values (225, 'magna at nunc commodo placerat praesent blandit nam nulla integer pede justo lacinia eget', 15854, 74, false, 2, 57);
insert into product_21072018 (id, description, price, quantity, active, category_id, user_id) values (226, 'malesuada in imperdiet et commodo vulputate justo in blandit ultrices enim lorem ipsum dolor sit amet consectetuer adipiscing', 82523, 93, true, 3, 2);
insert into product_21072018 (id, description, price, quantity, active, category_id, user_id) values (227, 'phasellus sit amet erat nulla tempus vivamus in felis eu sapien cursus vestibulum proin eu mi nulla', 92825, 19, false, 11, 1);
insert into product_21072018 (id, description, price, quantity, active, category_id, user_id) values (228, 'sit amet eleifend pede libero quis orci nullam molestie nibh in lectus pellentesque at nulla suspendisse potenti', 21531, 92, false, 3, 14);
insert into product_21072018 (id, description, price, quantity, active, category_id, user_id) values (229, 'at nulla suspendisse potenti cras in purus eu magna vulputate luctus cum sociis natoque penatibus', 63096, 88, false, 9, 7);
insert into product_21072018 (id, description, price, quantity, active, category_id, user_id) values (230, 'congue elementum in hac habitasse platea dictumst morbi vestibulum velit id pretium iaculis diam erat fermentum', 88684, 98, true, 6, 68);
insert into product_21072018 (id, description, price, quantity, active, category_id, user_id) values (231, 'nullam sit amet turpis elementum ligula vehicula consequat morbi a', 7899, 2, true, 11, 84);
insert into product_21072018 (id, description, price, quantity, active, category_id, user_id) values (232, 'proin eu mi nulla ac enim in tempor turpis nec euismod scelerisque', 47086, 81, true, 5, 30);
insert into product_21072018 (id, description, price, quantity, active, category_id, user_id) values (233, 'ut erat id mauris vulputate elementum nullam varius nulla facilisi cras non velit nec nisi vulputate nonummy maecenas', 36509, 45, true, 15, 17);
insert into product_21072018 (id, description, price, quantity, active, category_id, user_id) values (234, 'tellus in sagittis dui vel nisl duis ac nibh fusce lacus purus', 36178, 95, true, 16, 60);
insert into product_21072018 (id, description, price, quantity, active, category_id, user_id) values (235, 'sit amet sem fusce consequat nulla nisl nunc nisl duis bibendum felis', 35111, 12, true, 14, 50);
insert into product_21072018 (id, description, price, quantity, active, category_id, user_id) values (236, 'erat eros viverra eget congue eget semper rutrum nulla nunc purus phasellus', 52436, 63, true, 4, 30);
insert into product_21072018 (id, description, price, quantity, active, category_id, user_id) values (237, 'orci eget orci vehicula condimentum curabitur in libero ut massa volutpat convallis morbi odio odio elementum eu', 42658, 29, false, 7, 81);
insert into product_21072018 (id, description, price, quantity, active, category_id, user_id) values (238, 'ut mauris eget massa tempor convallis nulla neque libero convallis eget eleifend luctus ultricies eu nibh quisque id justo', 56585, 19, false, 18, 22);
insert into product_21072018 (id, description, price, quantity, active, category_id, user_id) values (239, 'felis sed lacus morbi sem mauris laoreet ut rhoncus aliquet pulvinar sed nisl nunc rhoncus', 28203, 80, true, 20, 57);
insert into product_21072018 (id, description, price, quantity, active, category_id, user_id) values (240, 'in faucibus orci luctus et ultrices posuere cubilia curae donec pharetra magna vestibulum aliquet ultrices erat tortor', 87723, 35, true, 11, 44);
insert into product_21072018 (id, description, price, quantity, active, category_id, user_id) values (241, 'orci luctus et ultrices posuere cubilia curae donec pharetra magna vestibulum aliquet ultrices erat tortor sollicitudin mi sit amet lobortis', 77925, 6, false, 9, 93);
insert into product_21072018 (id, description, price, quantity, active, category_id, user_id) values (242, 'sapien urna pretium nisl ut volutpat sapien arcu sed augue aliquam erat volutpat', 73409, 91, true, 15, 55);
insert into product_21072018 (id, description, price, quantity, active, category_id, user_id) values (243, 'rutrum neque aenean auctor gravida sem praesent id massa id nisl', 40654, 51, true, 16, 18);
insert into product_21072018 (id, description, price, quantity, active, category_id, user_id) values (244, 'consequat metus sapien ut nunc vestibulum ante ipsum primis in faucibus', 44042, 10, true, 15, 58);
insert into product_21072018 (id, description, price, quantity, active, category_id, user_id) values (245, 'turpis a pede posuere nonummy integer non velit donec diam neque vestibulum eget vulputate ut ultrices vel', 19642, 77, true, 20, 47);
insert into product_21072018 (id, description, price, quantity, active, category_id, user_id) values (246, 'tincidunt eu felis fusce posuere felis sed lacus morbi sem mauris laoreet', 55510, 76, false, 4, 35);
insert into product_21072018 (id, description, price, quantity, active, category_id, user_id) values (247, 'ultrices posuere cubilia curae donec pharetra magna vestibulum aliquet ultrices erat tortor sollicitudin mi sit', 28999, 37, false, 9, 43);
insert into product_21072018 (id, description, price, quantity, active, category_id, user_id) values (248, 'ac enim in tempor turpis nec euismod scelerisque quam turpis adipiscing lorem vitae', 14350, 100, true, 13, 6);
insert into product_21072018 (id, description, price, quantity, active, category_id, user_id) values (249, 'sit amet lobortis sapien sapien non mi integer ac neque duis bibendum morbi non quam', 63795, 70, false, 15, 56);
insert into product_21072018 (id, description, price, quantity, active, category_id, user_id) values (250, 'quis turpis eget elit sodales scelerisque mauris sit amet eros', 75730, 42, true, 15, 28);
insert into product_21072018 (id, description, price, quantity, active, category_id, user_id) values (251, 'id sapien in sapien iaculis congue vivamus metus arcu adipiscing molestie hendrerit at vulputate vitae', 29077, 73, true, 2, 28);
insert into product_21072018 (id, description, price, quantity, active, category_id, user_id) values (252, 'duis at velit eu est congue elementum in hac habitasse platea dictumst morbi vestibulum velit id', 93564, 9, false, 6, 7);
insert into product_21072018 (id, description, price, quantity, active, category_id, user_id) values (253, 'eu interdum eu tincidunt in leo maecenas pulvinar lobortis est phasellus sit amet erat nulla tempus vivamus', 75322, 2, false, 4, 81);
insert into product_21072018 (id, description, price, quantity, active, category_id, user_id) values (254, 'quam sollicitudin vitae consectetuer eget rutrum at lorem integer tincidunt ante', 29687, 30, false, 3, 68);
insert into product_21072018 (id, description, price, quantity, active, category_id, user_id) values (255, 'turpis enim blandit mi in porttitor pede justo eu massa donec dapibus duis at', 23465, 84, false, 5, 33);
insert into product_21072018 (id, description, price, quantity, active, category_id, user_id) values (256, 'nulla mollis molestie lorem quisque ut erat curabitur gravida nisi at nibh in hac habitasse platea dictumst aliquam augue', 19084, 94, false, 4, 46);
insert into product_21072018 (id, description, price, quantity, active, category_id, user_id) values (257, 'tincidunt nulla mollis molestie lorem quisque ut erat curabitur gravida nisi at nibh', 99957, 98, false, 20, 79);
insert into product_21072018 (id, description, price, quantity, active, category_id, user_id) values (258, 'quam suspendisse potenti nullam porttitor lacus at turpis donec posuere metus', 83996, 91, false, 6, 82);
insert into product_21072018 (id, description, price, quantity, active, category_id, user_id) values (259, 'mi pede malesuada in imperdiet et commodo vulputate justo in', 99991, 45, false, 20, 36);
insert into product_21072018 (id, description, price, quantity, active, category_id, user_id) values (260, 'nulla eget eros elementum pellentesque quisque porta volutpat erat quisque erat eros viverra eget', 52465, 96, false, 10, 22);
insert into product_21072018 (id, description, price, quantity, active, category_id, user_id) values (261, 'convallis nunc proin at turpis a pede posuere nonummy integer non', 38347, 86, true, 2, 97);
insert into product_21072018 (id, description, price, quantity, active, category_id, user_id) values (262, 'augue vestibulum rutrum rutrum neque aenean auctor gravida sem praesent id', 91363, 64, false, 6, 99);
insert into product_21072018 (id, description, price, quantity, active, category_id, user_id) values (263, 'ipsum primis in faucibus orci luctus et ultrices posuere cubilia curae donec', 14901, 55, false, 15, 96);
insert into product_21072018 (id, description, price, quantity, active, category_id, user_id) values (264, 'a libero nam dui proin leo odio porttitor id consequat in consequat ut', 41187, 72, true, 10, 58);
insert into product_21072018 (id, description, price, quantity, active, category_id, user_id) values (265, 'nam dui proin leo odio porttitor id consequat in consequat ut nulla sed accumsan felis', 1988, 53, false, 17, 25);
insert into product_21072018 (id, description, price, quantity, active, category_id, user_id) values (266, 'duis bibendum morbi non quam nec dui luctus rutrum nulla tellus in sagittis dui', 87137, 75, false, 18, 88);
insert into product_21072018 (id, description, price, quantity, active, category_id, user_id) values (267, 'sollicitudin ut suscipit a feugiat et eros vestibulum ac est', 90689, 95, true, 10, 77);
insert into product_21072018 (id, description, price, quantity, active, category_id, user_id) values (268, 'elementum in hac habitasse platea dictumst morbi vestibulum velit id', 57103, 90, true, 10, 39);
insert into product_21072018 (id, description, price, quantity, active, category_id, user_id) values (269, 'eget nunc donec quis orci eget orci vehicula condimentum curabitur in libero ut massa volutpat convallis morbi odio', 66612, 61, false, 1, 9);
insert into product_21072018 (id, description, price, quantity, active, category_id, user_id) values (270, 'pede posuere nonummy integer non velit donec diam neque vestibulum eget vulputate ut ultrices vel augue', 26023, 32, false, 16, 81);
insert into product_21072018 (id, description, price, quantity, active, category_id, user_id) values (271, 'dui vel sem sed sagittis nam congue risus semper porta volutpat', 7048, 5, false, 17, 63);
insert into product_21072018 (id, description, price, quantity, active, category_id, user_id) values (272, 'sapien varius ut blandit non interdum in ante vestibulum ante ipsum primis in faucibus orci luctus', 58240, 57, false, 15, 65);
insert into product_21072018 (id, description, price, quantity, active, category_id, user_id) values (273, 'fermentum justo nec condimentum neque sapien placerat ante nulla justo aliquam', 59136, 84, false, 1, 48);
insert into product_21072018 (id, description, price, quantity, active, category_id, user_id) values (274, 'nam ultrices libero non mattis pulvinar nulla pede ullamcorper augue a suscipit nulla elit ac nulla sed', 23822, 73, true, 6, 56);
insert into product_21072018 (id, description, price, quantity, active, category_id, user_id) values (275, 'tempus sit amet sem fusce consequat nulla nisl nunc nisl duis bibendum', 95999, 5, true, 13, 74);
insert into product_21072018 (id, description, price, quantity, active, category_id, user_id) values (276, 'dapibus duis at velit eu est congue elementum in hac habitasse platea dictumst', 25948, 70, false, 4, 6);
insert into product_21072018 (id, description, price, quantity, active, category_id, user_id) values (277, 'eu sapien cursus vestibulum proin eu mi nulla ac enim in', 83478, 44, false, 9, 43);
insert into product_21072018 (id, description, price, quantity, active, category_id, user_id) values (278, 'malesuada in imperdiet et commodo vulputate justo in blandit ultrices enim lorem', 54535, 91, false, 7, 16);
insert into product_21072018 (id, description, price, quantity, active, category_id, user_id) values (279, 'luctus nec molestie sed justo pellentesque viverra pede ac diam cras pellentesque volutpat dui maecenas', 68913, 45, true, 19, 45);
insert into product_21072018 (id, description, price, quantity, active, category_id, user_id) values (280, 'mi sit amet lobortis sapien sapien non mi integer ac neque duis bibendum morbi non quam nec dui luctus', 1283, 43, false, 20, 83);
insert into product_21072018 (id, description, price, quantity, active, category_id, user_id) values (281, 'velit eu est congue elementum in hac habitasse platea dictumst morbi vestibulum velit id pretium', 59156, 13, true, 13, 60);
insert into product_21072018 (id, description, price, quantity, active, category_id, user_id) values (282, 'congue risus semper porta volutpat quam pede lobortis ligula sit amet eleifend pede libero quis orci nullam molestie nibh', 1536, 33, false, 4, 28);
insert into product_21072018 (id, description, price, quantity, active, category_id, user_id) values (283, 'sem duis aliquam convallis nunc proin at turpis a pede', 81956, 91, true, 7, 26);
insert into product_21072018 (id, description, price, quantity, active, category_id, user_id) values (284, 'facilisi cras non velit nec nisi vulputate nonummy maecenas tincidunt lacus at velit vivamus vel nulla eget', 94277, 3, true, 7, 14);
insert into product_21072018 (id, description, price, quantity, active, category_id, user_id) values (285, 'faucibus orci luctus et ultrices posuere cubilia curae mauris viverra diam vitae quam suspendisse potenti nullam porttitor lacus at turpis', 67834, 64, false, 8, 75);
insert into product_21072018 (id, description, price, quantity, active, category_id, user_id) values (286, 'consequat varius integer ac leo pellentesque ultrices mattis odio donec vitae nisi', 66222, 49, false, 15, 77);
insert into product_21072018 (id, description, price, quantity, active, category_id, user_id) values (287, 'sed sagittis nam congue risus semper porta volutpat quam pede lobortis ligula sit amet eleifend pede libero quis orci nullam', 13389, 63, false, 19, 75);
insert into product_21072018 (id, description, price, quantity, active, category_id, user_id) values (288, 'interdum eu tincidunt in leo maecenas pulvinar lobortis est phasellus sit amet erat nulla tempus vivamus in felis', 66492, 1, true, 8, 3);
insert into product_21072018 (id, description, price, quantity, active, category_id, user_id) values (289, 'eu felis fusce posuere felis sed lacus morbi sem mauris', 57405, 38, true, 16, 41);
insert into product_21072018 (id, description, price, quantity, active, category_id, user_id) values (290, 'ac neque duis bibendum morbi non quam nec dui luctus rutrum nulla tellus', 89567, 33, true, 17, 42);
insert into product_21072018 (id, description, price, quantity, active, category_id, user_id) values (291, 'nec condimentum neque sapien placerat ante nulla justo aliquam quis turpis eget elit sodales scelerisque mauris sit amet eros suspendisse', 43846, 39, true, 10, 39);
insert into product_21072018 (id, description, price, quantity, active, category_id, user_id) values (292, 'eget tincidunt eget tempus vel pede morbi porttitor lorem id ligula suspendisse ornare consequat lectus in est risus', 70959, 82, false, 4, 88);
insert into product_21072018 (id, description, price, quantity, active, category_id, user_id) values (293, 'nulla ut erat id mauris vulputate elementum nullam varius nulla facilisi cras non', 43365, 4, true, 2, 95);
insert into product_21072018 (id, description, price, quantity, active, category_id, user_id) values (294, 'odio cras mi pede malesuada in imperdiet et commodo vulputate justo in', 91323, 41, false, 10, 92);
insert into product_21072018 (id, description, price, quantity, active, category_id, user_id) values (295, 'massa id nisl venenatis lacinia aenean sit amet justo morbi ut odio cras mi pede malesuada in imperdiet et commodo', 81013, 14, true, 4, 6);
insert into product_21072018 (id, description, price, quantity, active, category_id, user_id) values (296, 'justo nec condimentum neque sapien placerat ante nulla justo aliquam quis turpis eget elit sodales', 61442, 37, false, 15, 8);
insert into product_21072018 (id, description, price, quantity, active, category_id, user_id) values (297, 'nulla suspendisse potenti cras in purus eu magna vulputate luctus cum sociis natoque penatibus et magnis', 8448, 30, false, 11, 9);
insert into product_21072018 (id, description, price, quantity, active, category_id, user_id) values (298, 'turpis nec euismod scelerisque quam turpis adipiscing lorem vitae mattis nibh ligula nec sem', 67043, 5, false, 12, 25);
insert into product_21072018 (id, description, price, quantity, active, category_id, user_id) values (299, 'venenatis non sodales sed tincidunt eu felis fusce posuere felis sed lacus morbi sem mauris laoreet ut rhoncus aliquet pulvinar', 46207, 70, true, 18, 13);
insert into product_21072018 (id, description, price, quantity, active, category_id, user_id) values (300, 'ut nulla sed accumsan felis ut at dolor quis odio consequat', 22778, 30, false, 3, 22);


CREATE TABLE order_status_21072018 (
  id       SERIAL PRIMARY KEY,
  name     VARCHAR NOT NULL UNIQUE
);

insert into order_status_21072018 (id, name) values (1, 'open');
insert into order_status_21072018 (id, name) values (2, 'canceled');
insert into order_status_21072018 (id, name) values (3, 'in progress');
insert into order_status_21072018 (id, name) values (4, 'closed');

CREATE TABLE order_21072018 (
  id            SERIAL PRIMARY KEY,
  serial_number VARCHAR(50) NOT NULL UNIQUE,
  order_status_id INT REFERENCES order_status_21072018 (id)
);

insert into order_21072018 (id, serial_number, order_status_id) values (1, '3865671764', 4);
insert into order_21072018 (id, serial_number, order_status_id) values (2, '2563362768', 1);
insert into order_21072018 (id, serial_number, order_status_id) values (3, '8253342195', 3);
insert into order_21072018 (id, serial_number, order_status_id) values (4, '3118696141', 2);
insert into order_21072018 (id, serial_number, order_status_id) values (5, '0164449744', 2);
insert into order_21072018 (id, serial_number, order_status_id) values (6, '3102949754', 3);
insert into order_21072018 (id, serial_number, order_status_id) values (7, '4006323107', 1);
insert into order_21072018 (id, serial_number, order_status_id) values (8, '9196327499', 3);
insert into order_21072018 (id, serial_number, order_status_id) values (9, '8261391299', 2);
insert into order_21072018 (id, serial_number, order_status_id) values (10, '0981372066', 2);
insert into order_21072018 (id, serial_number, order_status_id) values (11, '1471198804', 4);
insert into order_21072018 (id, serial_number, order_status_id) values (12, '2980046221', 1);
insert into order_21072018 (id, serial_number, order_status_id) values (13, '3833311398', 1);
insert into order_21072018 (id, serial_number, order_status_id) values (14, '3879550336', 2);
insert into order_21072018 (id, serial_number, order_status_id) values (15, '7076777533', 4);
insert into order_21072018 (id, serial_number, order_status_id) values (16, '8879711415', 2);
insert into order_21072018 (id, serial_number, order_status_id) values (17, '7724947295', 2);
insert into order_21072018 (id, serial_number, order_status_id) values (18, '6557483242', 2);
insert into order_21072018 (id, serial_number, order_status_id) values (19, '8709741046', 1);
insert into order_21072018 (id, serial_number, order_status_id) values (20, '5273654491', 3);
insert into order_21072018 (id, serial_number, order_status_id) values (21, '0743374576', 1);
insert into order_21072018 (id, serial_number, order_status_id) values (22, '0091998832', 4);
insert into order_21072018 (id, serial_number, order_status_id) values (23, '0975822217', 3);
insert into order_21072018 (id, serial_number, order_status_id) values (24, '2053143177', 1);
insert into order_21072018 (id, serial_number, order_status_id) values (25, '9397621378', 3);
insert into order_21072018 (id, serial_number, order_status_id) values (26, '8749065262', 2);
insert into order_21072018 (id, serial_number, order_status_id) values (27, '0411764330', 4);
insert into order_21072018 (id, serial_number, order_status_id) values (28, '3782643240', 2);
insert into order_21072018 (id, serial_number, order_status_id) values (29, '3654534929', 1);
insert into order_21072018 (id, serial_number, order_status_id) values (30, '3504185562', 3);
insert into order_21072018 (id, serial_number, order_status_id) values (31, '5703249627', 3);
insert into order_21072018 (id, serial_number, order_status_id) values (32, '6543645431', 2);
insert into order_21072018 (id, serial_number, order_status_id) values (33, '8944370737', 3);
insert into order_21072018 (id, serial_number, order_status_id) values (34, '3231910218', 2);
insert into order_21072018 (id, serial_number, order_status_id) values (35, '7597260075', 3);
insert into order_21072018 (id, serial_number, order_status_id) values (36, '0624048543', 4);
insert into order_21072018 (id, serial_number, order_status_id) values (37, '7608727292', 2);
insert into order_21072018 (id, serial_number, order_status_id) values (38, '6564923856', 1);
insert into order_21072018 (id, serial_number, order_status_id) values (39, '9052849056', 2);
insert into order_21072018 (id, serial_number, order_status_id) values (40, '4966221730', 3);
insert into order_21072018 (id, serial_number, order_status_id) values (41, '0497910470', 3);
insert into order_21072018 (id, serial_number, order_status_id) values (42, '6973751326', 2);
insert into order_21072018 (id, serial_number, order_status_id) values (43, '9162157752', 3);
insert into order_21072018 (id, serial_number, order_status_id) values (44, '1171792077', 4);
insert into order_21072018 (id, serial_number, order_status_id) values (45, '5421246329', 4);
insert into order_21072018 (id, serial_number, order_status_id) values (46, '1480122084', 2);
insert into order_21072018 (id, serial_number, order_status_id) values (47, '5710361038', 1);
insert into order_21072018 (id, serial_number, order_status_id) values (48, '7706025497', 3);
insert into order_21072018 (id, serial_number, order_status_id) values (49, '6264184039', 1);
insert into order_21072018 (id, serial_number, order_status_id) values (50, '8243805931', 2);
insert into order_21072018 (id, serial_number, order_status_id) values (51, '7281333005', 1);
insert into order_21072018 (id, serial_number, order_status_id) values (52, '6526320252', 3);
insert into order_21072018 (id, serial_number, order_status_id) values (53, '5957932663', 4);
insert into order_21072018 (id, serial_number, order_status_id) values (54, '9322022388', 1);
insert into order_21072018 (id, serial_number, order_status_id) values (55, '8534404461', 1);
insert into order_21072018 (id, serial_number, order_status_id) values (56, '6313532147', 2);
insert into order_21072018 (id, serial_number, order_status_id) values (57, '7212562335', 2);
insert into order_21072018 (id, serial_number, order_status_id) values (58, '3050233915', 4);
insert into order_21072018 (id, serial_number, order_status_id) values (59, '4817378204', 3);
insert into order_21072018 (id, serial_number, order_status_id) values (60, '6429117537', 3);
insert into order_21072018 (id, serial_number, order_status_id) values (61, '7823957663', 2);
insert into order_21072018 (id, serial_number, order_status_id) values (62, '3796459250', 2);
insert into order_21072018 (id, serial_number, order_status_id) values (63, '7604017673', 2);
insert into order_21072018 (id, serial_number, order_status_id) values (64, '0383089344', 4);
insert into order_21072018 (id, serial_number, order_status_id) values (65, '1679386581', 3);
insert into order_21072018 (id, serial_number, order_status_id) values (66, '1546469346', 1);
insert into order_21072018 (id, serial_number, order_status_id) values (67, '6419817951', 2);
insert into order_21072018 (id, serial_number, order_status_id) values (68, '4039104501', 3);
insert into order_21072018 (id, serial_number, order_status_id) values (69, '9683618189', 4);
insert into order_21072018 (id, serial_number, order_status_id) values (70, '1138752428', 3);
insert into order_21072018 (id, serial_number, order_status_id) values (71, '1121192602', 3);
insert into order_21072018 (id, serial_number, order_status_id) values (72, '1430705051', 2);
insert into order_21072018 (id, serial_number, order_status_id) values (73, '9439182210', 1);
insert into order_21072018 (id, serial_number, order_status_id) values (74, '0768726182', 2);
insert into order_21072018 (id, serial_number, order_status_id) values (75, '2516535686', 2);
insert into order_21072018 (id, serial_number, order_status_id) values (76, '9758894919', 3);
insert into order_21072018 (id, serial_number, order_status_id) values (77, '3559589347', 1);
insert into order_21072018 (id, serial_number, order_status_id) values (78, '0668655151', 4);
insert into order_21072018 (id, serial_number, order_status_id) values (79, '6553143994', 2);
insert into order_21072018 (id, serial_number, order_status_id) values (80, '3541782501', 1);
insert into order_21072018 (id, serial_number, order_status_id) values (81, '5347943890', 4);
insert into order_21072018 (id, serial_number, order_status_id) values (82, '6848274003', 3);
insert into order_21072018 (id, serial_number, order_status_id) values (83, '4725166529', 2);
insert into order_21072018 (id, serial_number, order_status_id) values (84, '6614155644', 2);
insert into order_21072018 (id, serial_number, order_status_id) values (85, '6010164753', 2);
insert into order_21072018 (id, serial_number, order_status_id) values (86, '9078724765', 3);
insert into order_21072018 (id, serial_number, order_status_id) values (87, '5367701639', 1);
insert into order_21072018 (id, serial_number, order_status_id) values (88, '1980436452', 4);
insert into order_21072018 (id, serial_number, order_status_id) values (89, '5061146603', 4);
insert into order_21072018 (id, serial_number, order_status_id) values (90, '4480291628', 4);
insert into order_21072018 (id, serial_number, order_status_id) values (91, '3738138315', 3);
insert into order_21072018 (id, serial_number, order_status_id) values (92, '2273710739', 4);
insert into order_21072018 (id, serial_number, order_status_id) values (93, '7191009969', 4);
insert into order_21072018 (id, serial_number, order_status_id) values (94, '5326230712', 4);
insert into order_21072018 (id, serial_number, order_status_id) values (95, '9535167537', 4);
insert into order_21072018 (id, serial_number, order_status_id) values (96, '6704737251', 3);
insert into order_21072018 (id, serial_number, order_status_id) values (97, '4747579540', 1);
insert into order_21072018 (id, serial_number, order_status_id) values (98, '9863371432', 1);
insert into order_21072018 (id, serial_number, order_status_id) values (99, '6224370508', 4);
insert into order_21072018 (id, serial_number, order_status_id) values (100, '2034692098', 1);
insert into order_21072018 (id, serial_number, order_status_id) values (101, '9641013130', 3);
insert into order_21072018 (id, serial_number, order_status_id) values (102, '8606110205', 4);
insert into order_21072018 (id, serial_number, order_status_id) values (103, '5614838368', 2);
insert into order_21072018 (id, serial_number, order_status_id) values (104, '3283490805', 1);
insert into order_21072018 (id, serial_number, order_status_id) values (105, '5847536828', 4);
insert into order_21072018 (id, serial_number, order_status_id) values (106, '5595802820', 3);
insert into order_21072018 (id, serial_number, order_status_id) values (107, '9967439106', 2);
insert into order_21072018 (id, serial_number, order_status_id) values (108, '2151243206', 1);
insert into order_21072018 (id, serial_number, order_status_id) values (109, '1172561370', 4);
insert into order_21072018 (id, serial_number, order_status_id) values (110, '2665908026', 4);
insert into order_21072018 (id, serial_number, order_status_id) values (111, '5724780909', 1);
insert into order_21072018 (id, serial_number, order_status_id) values (112, '8587034081', 4);
insert into order_21072018 (id, serial_number, order_status_id) values (113, '8561615869', 1);
insert into order_21072018 (id, serial_number, order_status_id) values (114, '8941644275', 2);
insert into order_21072018 (id, serial_number, order_status_id) values (115, '8251007321', 2);
insert into order_21072018 (id, serial_number, order_status_id) values (116, '8219318201', 2);
insert into order_21072018 (id, serial_number, order_status_id) values (117, '2840623544', 4);
insert into order_21072018 (id, serial_number, order_status_id) values (118, '7404997208', 3);
insert into order_21072018 (id, serial_number, order_status_id) values (119, '2770530100', 4);
insert into order_21072018 (id, serial_number, order_status_id) values (120, '3122330768', 3);
insert into order_21072018 (id, serial_number, order_status_id) values (121, '9806246632', 4);
insert into order_21072018 (id, serial_number, order_status_id) values (122, '7446249935', 3);
insert into order_21072018 (id, serial_number, order_status_id) values (123, '2803314541', 3);
insert into order_21072018 (id, serial_number, order_status_id) values (124, '3595139666', 1);
insert into order_21072018 (id, serial_number, order_status_id) values (125, '1151834866', 3);
insert into order_21072018 (id, serial_number, order_status_id) values (126, '5007982016', 3);
insert into order_21072018 (id, serial_number, order_status_id) values (127, '0384019390', 4);
insert into order_21072018 (id, serial_number, order_status_id) values (128, '0402609212', 3);
insert into order_21072018 (id, serial_number, order_status_id) values (129, '2531001891', 4);
insert into order_21072018 (id, serial_number, order_status_id) values (130, '4168124002', 3);
insert into order_21072018 (id, serial_number, order_status_id) values (131, '0466661851', 2);
insert into order_21072018 (id, serial_number, order_status_id) values (132, '3446789154', 3);
insert into order_21072018 (id, serial_number, order_status_id) values (133, '9433650948', 1);
insert into order_21072018 (id, serial_number, order_status_id) values (134, '2897675128', 2);
insert into order_21072018 (id, serial_number, order_status_id) values (135, '3865590519', 3);
insert into order_21072018 (id, serial_number, order_status_id) values (136, '7577149438', 2);
insert into order_21072018 (id, serial_number, order_status_id) values (137, '3385255481', 4);
insert into order_21072018 (id, serial_number, order_status_id) values (138, '8707704747', 1);
insert into order_21072018 (id, serial_number, order_status_id) values (139, '3955681211', 4);
insert into order_21072018 (id, serial_number, order_status_id) values (140, '0924740027', 1);
insert into order_21072018 (id, serial_number, order_status_id) values (141, '2472636504', 3);
insert into order_21072018 (id, serial_number, order_status_id) values (142, '0858964414', 3);
insert into order_21072018 (id, serial_number, order_status_id) values (143, '5813057331', 1);
insert into order_21072018 (id, serial_number, order_status_id) values (144, '9615159883', 4);
insert into order_21072018 (id, serial_number, order_status_id) values (145, '9645353904', 2);
insert into order_21072018 (id, serial_number, order_status_id) values (146, '4362648917', 2);
insert into order_21072018 (id, serial_number, order_status_id) values (147, '9521087358', 3);
insert into order_21072018 (id, serial_number, order_status_id) values (148, '9068631063', 1);
insert into order_21072018 (id, serial_number, order_status_id) values (149, '7620039317', 1);
insert into order_21072018 (id, serial_number, order_status_id) values (150, '0907533604', 4);
insert into order_21072018 (id, serial_number, order_status_id) values (151, '7211306319', 3);
insert into order_21072018 (id, serial_number, order_status_id) values (152, '5381421141', 4);
insert into order_21072018 (id, serial_number, order_status_id) values (153, '5083441047', 2);
insert into order_21072018 (id, serial_number, order_status_id) values (154, '0945502168', 3);
insert into order_21072018 (id, serial_number, order_status_id) values (155, '3472962224', 3);
insert into order_21072018 (id, serial_number, order_status_id) values (156, '1063085322', 2);
insert into order_21072018 (id, serial_number, order_status_id) values (157, '8837547668', 3);
insert into order_21072018 (id, serial_number, order_status_id) values (158, '8826215723', 2);
insert into order_21072018 (id, serial_number, order_status_id) values (159, '2966421754', 1);
insert into order_21072018 (id, serial_number, order_status_id) values (160, '1087935113', 1);
insert into order_21072018 (id, serial_number, order_status_id) values (161, '4856726110', 2);
insert into order_21072018 (id, serial_number, order_status_id) values (162, '1403580421', 1);
insert into order_21072018 (id, serial_number, order_status_id) values (163, '6303248209', 3);
insert into order_21072018 (id, serial_number, order_status_id) values (164, '3006676122', 3);
insert into order_21072018 (id, serial_number, order_status_id) values (165, '4587375721', 1);
insert into order_21072018 (id, serial_number, order_status_id) values (166, '6999721297', 4);
insert into order_21072018 (id, serial_number, order_status_id) values (167, '7120557939', 2);
insert into order_21072018 (id, serial_number, order_status_id) values (168, '8761032298', 3);
insert into order_21072018 (id, serial_number, order_status_id) values (169, '7856392517', 2);
insert into order_21072018 (id, serial_number, order_status_id) values (170, '8530777611', 3);
insert into order_21072018 (id, serial_number, order_status_id) values (171, '9235909627', 1);
insert into order_21072018 (id, serial_number, order_status_id) values (172, '1906114447', 4);
insert into order_21072018 (id, serial_number, order_status_id) values (173, '4235221795', 2);
insert into order_21072018 (id, serial_number, order_status_id) values (174, '2429889838', 1);
insert into order_21072018 (id, serial_number, order_status_id) values (175, '5993102683', 4);
insert into order_21072018 (id, serial_number, order_status_id) values (176, '5847816464', 2);
insert into order_21072018 (id, serial_number, order_status_id) values (177, '4483720651', 4);
insert into order_21072018 (id, serial_number, order_status_id) values (178, '4827944997', 3);
insert into order_21072018 (id, serial_number, order_status_id) values (179, '7772607563', 3);
insert into order_21072018 (id, serial_number, order_status_id) values (180, '4031536585', 3);
insert into order_21072018 (id, serial_number, order_status_id) values (181, '5997553612', 3);
insert into order_21072018 (id, serial_number, order_status_id) values (182, '0762618833', 1);
insert into order_21072018 (id, serial_number, order_status_id) values (183, '1167884310', 3);
insert into order_21072018 (id, serial_number, order_status_id) values (184, '5383560068', 4);
insert into order_21072018 (id, serial_number, order_status_id) values (185, '1965287158', 3);
insert into order_21072018 (id, serial_number, order_status_id) values (186, '0468646833', 4);
insert into order_21072018 (id, serial_number, order_status_id) values (187, '0348731485', 1);
insert into order_21072018 (id, serial_number, order_status_id) values (188, '3934867383', 4);
insert into order_21072018 (id, serial_number, order_status_id) values (189, '4289950973', 1);
insert into order_21072018 (id, serial_number, order_status_id) values (190, '1388129019', 3);
insert into order_21072018 (id, serial_number, order_status_id) values (191, '8825685807', 4);
insert into order_21072018 (id, serial_number, order_status_id) values (192, '2743188871', 1);
insert into order_21072018 (id, serial_number, order_status_id) values (193, '1985311887', 1);
insert into order_21072018 (id, serial_number, order_status_id) values (194, '2091915351', 4);
insert into order_21072018 (id, serial_number, order_status_id) values (195, '3762787557', 2);
insert into order_21072018 (id, serial_number, order_status_id) values (196, '8399961795', 1);
insert into order_21072018 (id, serial_number, order_status_id) values (197, '1269213156', 2);
insert into order_21072018 (id, serial_number, order_status_id) values (198, '5337964305', 3);
insert into order_21072018 (id, serial_number, order_status_id) values (199, '3916633953', 4);
insert into order_21072018 (id, serial_number, order_status_id) values (200, '5860676425', 4);
insert into order_21072018 (id, serial_number, order_status_id) values (201, '1188819828', 2);
insert into order_21072018 (id, serial_number, order_status_id) values (202, '2599065097', 2);
insert into order_21072018 (id, serial_number, order_status_id) values (203, '7793610075', 3);
insert into order_21072018 (id, serial_number, order_status_id) values (204, '8791934222', 1);
insert into order_21072018 (id, serial_number, order_status_id) values (205, '2099439958', 3);
insert into order_21072018 (id, serial_number, order_status_id) values (206, '4596602638', 2);
insert into order_21072018 (id, serial_number, order_status_id) values (207, '5179186161', 2);
insert into order_21072018 (id, serial_number, order_status_id) values (208, '0500682372', 2);
insert into order_21072018 (id, serial_number, order_status_id) values (209, '2797324188', 4);
insert into order_21072018 (id, serial_number, order_status_id) values (210, '6523201759', 2);
insert into order_21072018 (id, serial_number, order_status_id) values (211, '9336230247', 4);
insert into order_21072018 (id, serial_number, order_status_id) values (212, '9743594043', 2);
insert into order_21072018 (id, serial_number, order_status_id) values (213, '0588367265', 3);
insert into order_21072018 (id, serial_number, order_status_id) values (214, '7593186962', 2);
insert into order_21072018 (id, serial_number, order_status_id) values (215, '3015349244', 1);
insert into order_21072018 (id, serial_number, order_status_id) values (216, '5906246517', 4);
insert into order_21072018 (id, serial_number, order_status_id) values (217, '6960663342', 1);
insert into order_21072018 (id, serial_number, order_status_id) values (218, '5912814580', 4);
insert into order_21072018 (id, serial_number, order_status_id) values (219, '8391461572', 3);
insert into order_21072018 (id, serial_number, order_status_id) values (220, '7642163290', 4);
insert into order_21072018 (id, serial_number, order_status_id) values (221, '0699934052', 1);
insert into order_21072018 (id, serial_number, order_status_id) values (222, '5333461287', 3);
insert into order_21072018 (id, serial_number, order_status_id) values (223, '1544113269', 4);
insert into order_21072018 (id, serial_number, order_status_id) values (224, '7553231509', 4);
insert into order_21072018 (id, serial_number, order_status_id) values (225, '2691677338', 1);
insert into order_21072018 (id, serial_number, order_status_id) values (226, '5822534716', 4);
insert into order_21072018 (id, serial_number, order_status_id) values (227, '3505770558', 1);
insert into order_21072018 (id, serial_number, order_status_id) values (228, '5300871222', 2);
insert into order_21072018 (id, serial_number, order_status_id) values (229, '3896223682', 1);
insert into order_21072018 (id, serial_number, order_status_id) values (230, '0328403563', 3);
insert into order_21072018 (id, serial_number, order_status_id) values (231, '1545198004', 4);
insert into order_21072018 (id, serial_number, order_status_id) values (232, '1356624081', 3);
insert into order_21072018 (id, serial_number, order_status_id) values (233, '4995314768', 2);
insert into order_21072018 (id, serial_number, order_status_id) values (234, '9691076756', 3);
insert into order_21072018 (id, serial_number, order_status_id) values (235, '2165061199', 2);
insert into order_21072018 (id, serial_number, order_status_id) values (236, '0895992574', 2);
insert into order_21072018 (id, serial_number, order_status_id) values (237, '7156481061', 3);
insert into order_21072018 (id, serial_number, order_status_id) values (238, '3452275191', 1);
insert into order_21072018 (id, serial_number, order_status_id) values (239, '0061524220', 1);
insert into order_21072018 (id, serial_number, order_status_id) values (240, '6099823492', 1);
insert into order_21072018 (id, serial_number, order_status_id) values (241, '0931843545', 2);
insert into order_21072018 (id, serial_number, order_status_id) values (242, '4645196456', 1);
insert into order_21072018 (id, serial_number, order_status_id) values (243, '2203848375', 4);
insert into order_21072018 (id, serial_number, order_status_id) values (244, '8254899363', 3);
insert into order_21072018 (id, serial_number, order_status_id) values (245, '3869323353', 1);
insert into order_21072018 (id, serial_number, order_status_id) values (246, '6998661517', 2);
insert into order_21072018 (id, serial_number, order_status_id) values (247, '0880732822', 2);
insert into order_21072018 (id, serial_number, order_status_id) values (248, '4934442731', 2);
insert into order_21072018 (id, serial_number, order_status_id) values (249, '6579727640', 3);
insert into order_21072018 (id, serial_number, order_status_id) values (250, '3698302624', 2);
insert into order_21072018 (id, serial_number, order_status_id) values (251, '4573044833', 4);
insert into order_21072018 (id, serial_number, order_status_id) values (252, '9718534695', 3);
insert into order_21072018 (id, serial_number, order_status_id) values (253, '1674597029', 4);
insert into order_21072018 (id, serial_number, order_status_id) values (254, '3483237615', 1);
insert into order_21072018 (id, serial_number, order_status_id) values (255, '5638764135', 1);
insert into order_21072018 (id, serial_number, order_status_id) values (256, '9023837762', 2);
insert into order_21072018 (id, serial_number, order_status_id) values (257, '5651432418', 2);
insert into order_21072018 (id, serial_number, order_status_id) values (258, '0350403899', 2);
insert into order_21072018 (id, serial_number, order_status_id) values (259, '6882690774', 1);
insert into order_21072018 (id, serial_number, order_status_id) values (260, '0314320822', 4);
insert into order_21072018 (id, serial_number, order_status_id) values (261, '1991007094', 1);
insert into order_21072018 (id, serial_number, order_status_id) values (262, '3320681125', 2);
insert into order_21072018 (id, serial_number, order_status_id) values (263, '7102112963', 4);
insert into order_21072018 (id, serial_number, order_status_id) values (264, '1091614113', 2);
insert into order_21072018 (id, serial_number, order_status_id) values (265, '5435401151', 2);
insert into order_21072018 (id, serial_number, order_status_id) values (266, '1375486446', 3);
insert into order_21072018 (id, serial_number, order_status_id) values (267, '8873394795', 2);
insert into order_21072018 (id, serial_number, order_status_id) values (268, '2540571328', 2);
insert into order_21072018 (id, serial_number, order_status_id) values (269, '1189322218', 2);
insert into order_21072018 (id, serial_number, order_status_id) values (270, '8573687665', 3);
insert into order_21072018 (id, serial_number, order_status_id) values (271, '1645029573', 2);
insert into order_21072018 (id, serial_number, order_status_id) values (272, '9973752058', 4);
insert into order_21072018 (id, serial_number, order_status_id) values (273, '9717317577', 4);
insert into order_21072018 (id, serial_number, order_status_id) values (274, '8649807070', 4);
insert into order_21072018 (id, serial_number, order_status_id) values (275, '2080348450', 2);
insert into order_21072018 (id, serial_number, order_status_id) values (276, '8252020054', 4);
insert into order_21072018 (id, serial_number, order_status_id) values (277, '4894092875', 1);
insert into order_21072018 (id, serial_number, order_status_id) values (278, '8718258220', 3);
insert into order_21072018 (id, serial_number, order_status_id) values (279, '8678033568', 1);
insert into order_21072018 (id, serial_number, order_status_id) values (280, '4417137099', 1);
insert into order_21072018 (id, serial_number, order_status_id) values (281, '2010882768', 1);
insert into order_21072018 (id, serial_number, order_status_id) values (282, '7819080116', 3);
insert into order_21072018 (id, serial_number, order_status_id) values (283, '3946873588', 3);
insert into order_21072018 (id, serial_number, order_status_id) values (284, '3070336922', 3);
insert into order_21072018 (id, serial_number, order_status_id) values (285, '0546876315', 2);
insert into order_21072018 (id, serial_number, order_status_id) values (286, '9066880759', 2);
insert into order_21072018 (id, serial_number, order_status_id) values (287, '6197482606', 4);
insert into order_21072018 (id, serial_number, order_status_id) values (288, '0364391375', 3);
insert into order_21072018 (id, serial_number, order_status_id) values (289, '3884256513', 2);
insert into order_21072018 (id, serial_number, order_status_id) values (290, '1727254368', 1);
insert into order_21072018 (id, serial_number, order_status_id) values (291, '4973017388', 3);
insert into order_21072018 (id, serial_number, order_status_id) values (292, '3411860960', 3);
insert into order_21072018 (id, serial_number, order_status_id) values (293, '1006647767', 2);
insert into order_21072018 (id, serial_number, order_status_id) values (294, '2064603018', 4);
insert into order_21072018 (id, serial_number, order_status_id) values (295, '8921849378', 4);
insert into order_21072018 (id, serial_number, order_status_id) values (296, '2650388331', 2);
insert into order_21072018 (id, serial_number, order_status_id) values (297, '0977118800', 2);
insert into order_21072018 (id, serial_number, order_status_id) values (298, '6433682111', 2);
insert into order_21072018 (id, serial_number, order_status_id) values (299, '4279827311', 2);
insert into order_21072018 (id, serial_number, order_status_id) values (300, '3485864986', 3);

CREATE TABLE order_product_21072018 (
  id         SERIAL PRIMARY KEY,
  product_id INT REFERENCES product_21072018 (id),
  order_id   INT REFERENCES order_21072018 (id)
);

insert into order_product_21072018 (id, product_id, order_id) values (1, 98, 74);
insert into order_product_21072018 (id, product_id, order_id) values (2, 226, 228);
insert into order_product_21072018 (id, product_id, order_id) values (3, 149, 34);
insert into order_product_21072018 (id, product_id, order_id) values (4, 231, 264);
insert into order_product_21072018 (id, product_id, order_id) values (5, 143, 81);
insert into order_product_21072018 (id, product_id, order_id) values (6, 180, 141);
insert into order_product_21072018 (id, product_id, order_id) values (7, 244, 298);
insert into order_product_21072018 (id, product_id, order_id) values (8, 215, 276);
insert into order_product_21072018 (id, product_id, order_id) values (9, 216, 226);
insert into order_product_21072018 (id, product_id, order_id) values (10, 227, 100);
insert into order_product_21072018 (id, product_id, order_id) values (11, 184, 127);
insert into order_product_21072018 (id, product_id, order_id) values (12, 241, 140);
insert into order_product_21072018 (id, product_id, order_id) values (13, 293, 212);
insert into order_product_21072018 (id, product_id, order_id) values (14, 109, 252);
insert into order_product_21072018 (id, product_id, order_id) values (15, 249, 32);
insert into order_product_21072018 (id, product_id, order_id) values (16, 278, 290);
insert into order_product_21072018 (id, product_id, order_id) values (17, 182, 238);
insert into order_product_21072018 (id, product_id, order_id) values (18, 101, 95);
insert into order_product_21072018 (id, product_id, order_id) values (19, 224, 182);
insert into order_product_21072018 (id, product_id, order_id) values (20, 118, 49);
insert into order_product_21072018 (id, product_id, order_id) values (21, 196, 121);
insert into order_product_21072018 (id, product_id, order_id) values (22, 58, 237);
insert into order_product_21072018 (id, product_id, order_id) values (23, 233, 147);
insert into order_product_21072018 (id, product_id, order_id) values (24, 116, 175);
insert into order_product_21072018 (id, product_id, order_id) values (25, 126, 283);
insert into order_product_21072018 (id, product_id, order_id) values (26, 234, 258);
insert into order_product_21072018 (id, product_id, order_id) values (27, 269, 134);
insert into order_product_21072018 (id, product_id, order_id) values (28, 252, 278);
insert into order_product_21072018 (id, product_id, order_id) values (29, 121, 203);
insert into order_product_21072018 (id, product_id, order_id) values (30, 12, 214);
insert into order_product_21072018 (id, product_id, order_id) values (31, 181, 243);
insert into order_product_21072018 (id, product_id, order_id) values (32, 227, 188);
insert into order_product_21072018 (id, product_id, order_id) values (33, 193, 263);
insert into order_product_21072018 (id, product_id, order_id) values (34, 21, 100);
insert into order_product_21072018 (id, product_id, order_id) values (35, 69, 137);
insert into order_product_21072018 (id, product_id, order_id) values (36, 150, 283);
insert into order_product_21072018 (id, product_id, order_id) values (37, 31, 46);
insert into order_product_21072018 (id, product_id, order_id) values (38, 120, 34);
insert into order_product_21072018 (id, product_id, order_id) values (39, 27, 180);
insert into order_product_21072018 (id, product_id, order_id) values (40, 280, 215);
insert into order_product_21072018 (id, product_id, order_id) values (41, 268, 57);
insert into order_product_21072018 (id, product_id, order_id) values (42, 287, 139);
insert into order_product_21072018 (id, product_id, order_id) values (43, 174, 230);
insert into order_product_21072018 (id, product_id, order_id) values (44, 156, 111);
insert into order_product_21072018 (id, product_id, order_id) values (45, 66, 25);
insert into order_product_21072018 (id, product_id, order_id) values (46, 239, 259);
insert into order_product_21072018 (id, product_id, order_id) values (47, 170, 4);
insert into order_product_21072018 (id, product_id, order_id) values (48, 200, 204);
insert into order_product_21072018 (id, product_id, order_id) values (49, 68, 77);
insert into order_product_21072018 (id, product_id, order_id) values (50, 51, 54);
insert into order_product_21072018 (id, product_id, order_id) values (51, 138, 297);
insert into order_product_21072018 (id, product_id, order_id) values (52, 233, 267);
insert into order_product_21072018 (id, product_id, order_id) values (53, 134, 211);
insert into order_product_21072018 (id, product_id, order_id) values (54, 131, 153);
insert into order_product_21072018 (id, product_id, order_id) values (55, 215, 177);
insert into order_product_21072018 (id, product_id, order_id) values (56, 239, 281);
insert into order_product_21072018 (id, product_id, order_id) values (57, 122, 248);
insert into order_product_21072018 (id, product_id, order_id) values (58, 99, 53);
insert into order_product_21072018 (id, product_id, order_id) values (59, 274, 215);
insert into order_product_21072018 (id, product_id, order_id) values (60, 164, 236);
insert into order_product_21072018 (id, product_id, order_id) values (61, 3, 33);
insert into order_product_21072018 (id, product_id, order_id) values (62, 294, 51);
insert into order_product_21072018 (id, product_id, order_id) values (63, 151, 154);
insert into order_product_21072018 (id, product_id, order_id) values (64, 188, 204);
insert into order_product_21072018 (id, product_id, order_id) values (65, 93, 200);
insert into order_product_21072018 (id, product_id, order_id) values (66, 42, 187);
insert into order_product_21072018 (id, product_id, order_id) values (67, 152, 180);
insert into order_product_21072018 (id, product_id, order_id) values (68, 206, 144);
insert into order_product_21072018 (id, product_id, order_id) values (69, 213, 104);
insert into order_product_21072018 (id, product_id, order_id) values (70, 190, 78);
insert into order_product_21072018 (id, product_id, order_id) values (71, 221, 209);
insert into order_product_21072018 (id, product_id, order_id) values (72, 130, 69);
insert into order_product_21072018 (id, product_id, order_id) values (73, 120, 266);
insert into order_product_21072018 (id, product_id, order_id) values (74, 189, 37);
insert into order_product_21072018 (id, product_id, order_id) values (75, 276, 62);
insert into order_product_21072018 (id, product_id, order_id) values (76, 12, 38);
insert into order_product_21072018 (id, product_id, order_id) values (77, 175, 221);
insert into order_product_21072018 (id, product_id, order_id) values (78, 101, 97);
insert into order_product_21072018 (id, product_id, order_id) values (79, 179, 145);
insert into order_product_21072018 (id, product_id, order_id) values (80, 177, 102);
insert into order_product_21072018 (id, product_id, order_id) values (81, 63, 135);
insert into order_product_21072018 (id, product_id, order_id) values (82, 53, 117);
insert into order_product_21072018 (id, product_id, order_id) values (83, 268, 171);
insert into order_product_21072018 (id, product_id, order_id) values (84, 87, 112);
insert into order_product_21072018 (id, product_id, order_id) values (85, 214, 72);
insert into order_product_21072018 (id, product_id, order_id) values (86, 197, 161);
insert into order_product_21072018 (id, product_id, order_id) values (87, 125, 293);
insert into order_product_21072018 (id, product_id, order_id) values (88, 110, 190);
insert into order_product_21072018 (id, product_id, order_id) values (89, 45, 232);
insert into order_product_21072018 (id, product_id, order_id) values (90, 218, 296);
insert into order_product_21072018 (id, product_id, order_id) values (91, 190, 259);
insert into order_product_21072018 (id, product_id, order_id) values (92, 121, 100);
insert into order_product_21072018 (id, product_id, order_id) values (93, 186, 182);
insert into order_product_21072018 (id, product_id, order_id) values (94, 169, 73);
insert into order_product_21072018 (id, product_id, order_id) values (95, 203, 287);
insert into order_product_21072018 (id, product_id, order_id) values (96, 260, 237);
insert into order_product_21072018 (id, product_id, order_id) values (97, 23, 178);
insert into order_product_21072018 (id, product_id, order_id) values (98, 225, 155);
insert into order_product_21072018 (id, product_id, order_id) values (99, 99, 292);
insert into order_product_21072018 (id, product_id, order_id) values (100, 89, 106);
insert into order_product_21072018 (id, product_id, order_id) values (101, 89, 208);
insert into order_product_21072018 (id, product_id, order_id) values (102, 135, 196);
insert into order_product_21072018 (id, product_id, order_id) values (103, 14, 85);
insert into order_product_21072018 (id, product_id, order_id) values (104, 198, 111);
insert into order_product_21072018 (id, product_id, order_id) values (105, 101, 157);
insert into order_product_21072018 (id, product_id, order_id) values (106, 32, 266);
insert into order_product_21072018 (id, product_id, order_id) values (107, 300, 198);
insert into order_product_21072018 (id, product_id, order_id) values (108, 171, 75);
insert into order_product_21072018 (id, product_id, order_id) values (109, 154, 92);
insert into order_product_21072018 (id, product_id, order_id) values (110, 197, 141);
insert into order_product_21072018 (id, product_id, order_id) values (111, 176, 58);
insert into order_product_21072018 (id, product_id, order_id) values (112, 106, 154);
insert into order_product_21072018 (id, product_id, order_id) values (113, 63, 188);
insert into order_product_21072018 (id, product_id, order_id) values (114, 59, 215);
insert into order_product_21072018 (id, product_id, order_id) values (115, 193, 284);
insert into order_product_21072018 (id, product_id, order_id) values (116, 192, 290);
insert into order_product_21072018 (id, product_id, order_id) values (117, 59, 220);
insert into order_product_21072018 (id, product_id, order_id) values (118, 111, 213);
insert into order_product_21072018 (id, product_id, order_id) values (119, 33, 243);
insert into order_product_21072018 (id, product_id, order_id) values (120, 176, 27);
insert into order_product_21072018 (id, product_id, order_id) values (121, 187, 135);
insert into order_product_21072018 (id, product_id, order_id) values (122, 256, 213);
insert into order_product_21072018 (id, product_id, order_id) values (123, 137, 243);
insert into order_product_21072018 (id, product_id, order_id) values (124, 60, 146);
insert into order_product_21072018 (id, product_id, order_id) values (125, 281, 178);
insert into order_product_21072018 (id, product_id, order_id) values (126, 115, 238);
insert into order_product_21072018 (id, product_id, order_id) values (127, 170, 247);
insert into order_product_21072018 (id, product_id, order_id) values (128, 247, 85);
insert into order_product_21072018 (id, product_id, order_id) values (129, 35, 84);
insert into order_product_21072018 (id, product_id, order_id) values (130, 188, 169);
insert into order_product_21072018 (id, product_id, order_id) values (131, 41, 102);
insert into order_product_21072018 (id, product_id, order_id) values (132, 289, 198);
insert into order_product_21072018 (id, product_id, order_id) values (133, 44, 125);
insert into order_product_21072018 (id, product_id, order_id) values (134, 31, 107);
insert into order_product_21072018 (id, product_id, order_id) values (135, 252, 275);
insert into order_product_21072018 (id, product_id, order_id) values (136, 157, 2);
insert into order_product_21072018 (id, product_id, order_id) values (137, 51, 71);
insert into order_product_21072018 (id, product_id, order_id) values (138, 208, 37);
insert into order_product_21072018 (id, product_id, order_id) values (139, 101, 130);
insert into order_product_21072018 (id, product_id, order_id) values (140, 96, 34);
insert into order_product_21072018 (id, product_id, order_id) values (141, 208, 134);
insert into order_product_21072018 (id, product_id, order_id) values (142, 52, 36);
insert into order_product_21072018 (id, product_id, order_id) values (143, 194, 33);
insert into order_product_21072018 (id, product_id, order_id) values (144, 41, 267);
insert into order_product_21072018 (id, product_id, order_id) values (145, 126, 154);
insert into order_product_21072018 (id, product_id, order_id) values (146, 96, 35);
insert into order_product_21072018 (id, product_id, order_id) values (147, 118, 149);
insert into order_product_21072018 (id, product_id, order_id) values (148, 74, 173);
insert into order_product_21072018 (id, product_id, order_id) values (149, 198, 30);
insert into order_product_21072018 (id, product_id, order_id) values (150, 287, 245);
insert into order_product_21072018 (id, product_id, order_id) values (151, 116, 188);
insert into order_product_21072018 (id, product_id, order_id) values (152, 235, 6);
insert into order_product_21072018 (id, product_id, order_id) values (153, 63, 278);
insert into order_product_21072018 (id, product_id, order_id) values (154, 65, 8);
insert into order_product_21072018 (id, product_id, order_id) values (155, 283, 104);
insert into order_product_21072018 (id, product_id, order_id) values (156, 151, 119);
insert into order_product_21072018 (id, product_id, order_id) values (157, 202, 104);
insert into order_product_21072018 (id, product_id, order_id) values (158, 270, 160);
insert into order_product_21072018 (id, product_id, order_id) values (159, 32, 220);
insert into order_product_21072018 (id, product_id, order_id) values (160, 224, 167);
insert into order_product_21072018 (id, product_id, order_id) values (161, 106, 262);
insert into order_product_21072018 (id, product_id, order_id) values (162, 138, 25);
insert into order_product_21072018 (id, product_id, order_id) values (163, 233, 182);
insert into order_product_21072018 (id, product_id, order_id) values (164, 222, 239);
insert into order_product_21072018 (id, product_id, order_id) values (165, 273, 260);
insert into order_product_21072018 (id, product_id, order_id) values (166, 198, 97);
insert into order_product_21072018 (id, product_id, order_id) values (167, 128, 280);
insert into order_product_21072018 (id, product_id, order_id) values (168, 134, 157);
insert into order_product_21072018 (id, product_id, order_id) values (169, 150, 115);
insert into order_product_21072018 (id, product_id, order_id) values (170, 281, 142);
insert into order_product_21072018 (id, product_id, order_id) values (171, 97, 158);
insert into order_product_21072018 (id, product_id, order_id) values (172, 104, 205);
insert into order_product_21072018 (id, product_id, order_id) values (173, 254, 62);
insert into order_product_21072018 (id, product_id, order_id) values (174, 42, 168);
insert into order_product_21072018 (id, product_id, order_id) values (175, 60, 107);
insert into order_product_21072018 (id, product_id, order_id) values (176, 80, 75);
insert into order_product_21072018 (id, product_id, order_id) values (177, 225, 257);
insert into order_product_21072018 (id, product_id, order_id) values (178, 189, 19);
insert into order_product_21072018 (id, product_id, order_id) values (179, 44, 191);
insert into order_product_21072018 (id, product_id, order_id) values (180, 115, 24);
insert into order_product_21072018 (id, product_id, order_id) values (181, 93, 79);
insert into order_product_21072018 (id, product_id, order_id) values (182, 194, 11);
insert into order_product_21072018 (id, product_id, order_id) values (183, 31, 239);
insert into order_product_21072018 (id, product_id, order_id) values (184, 175, 220);
insert into order_product_21072018 (id, product_id, order_id) values (185, 68, 63);
insert into order_product_21072018 (id, product_id, order_id) values (186, 285, 9);
insert into order_product_21072018 (id, product_id, order_id) values (187, 278, 189);
insert into order_product_21072018 (id, product_id, order_id) values (188, 31, 66);
insert into order_product_21072018 (id, product_id, order_id) values (189, 278, 49);
insert into order_product_21072018 (id, product_id, order_id) values (190, 19, 282);
insert into order_product_21072018 (id, product_id, order_id) values (191, 257, 65);
insert into order_product_21072018 (id, product_id, order_id) values (192, 226, 266);
insert into order_product_21072018 (id, product_id, order_id) values (193, 276, 123);
insert into order_product_21072018 (id, product_id, order_id) values (194, 11, 184);
insert into order_product_21072018 (id, product_id, order_id) values (195, 206, 172);
insert into order_product_21072018 (id, product_id, order_id) values (196, 109, 167);
insert into order_product_21072018 (id, product_id, order_id) values (197, 246, 4);
insert into order_product_21072018 (id, product_id, order_id) values (198, 67, 174);
insert into order_product_21072018 (id, product_id, order_id) values (199, 116, 132);
insert into order_product_21072018 (id, product_id, order_id) values (200, 87, 201);
insert into order_product_21072018 (id, product_id, order_id) values (201, 91, 117);
insert into order_product_21072018 (id, product_id, order_id) values (202, 56, 147);
insert into order_product_21072018 (id, product_id, order_id) values (203, 300, 136);
insert into order_product_21072018 (id, product_id, order_id) values (204, 128, 115);
insert into order_product_21072018 (id, product_id, order_id) values (205, 100, 147);
insert into order_product_21072018 (id, product_id, order_id) values (206, 239, 278);
insert into order_product_21072018 (id, product_id, order_id) values (207, 97, 268);
insert into order_product_21072018 (id, product_id, order_id) values (208, 226, 199);
insert into order_product_21072018 (id, product_id, order_id) values (209, 260, 181);
insert into order_product_21072018 (id, product_id, order_id) values (210, 8, 62);
insert into order_product_21072018 (id, product_id, order_id) values (211, 169, 219);
insert into order_product_21072018 (id, product_id, order_id) values (212, 167, 180);
insert into order_product_21072018 (id, product_id, order_id) values (213, 242, 267);
insert into order_product_21072018 (id, product_id, order_id) values (214, 293, 206);
insert into order_product_21072018 (id, product_id, order_id) values (215, 5, 209);
insert into order_product_21072018 (id, product_id, order_id) values (216, 205, 28);
insert into order_product_21072018 (id, product_id, order_id) values (217, 90, 250);
insert into order_product_21072018 (id, product_id, order_id) values (218, 203, 164);
insert into order_product_21072018 (id, product_id, order_id) values (219, 78, 50);
insert into order_product_21072018 (id, product_id, order_id) values (220, 102, 299);
insert into order_product_21072018 (id, product_id, order_id) values (221, 204, 296);
insert into order_product_21072018 (id, product_id, order_id) values (222, 111, 151);
insert into order_product_21072018 (id, product_id, order_id) values (223, 161, 120);
insert into order_product_21072018 (id, product_id, order_id) values (224, 254, 204);
insert into order_product_21072018 (id, product_id, order_id) values (225, 101, 281);
insert into order_product_21072018 (id, product_id, order_id) values (226, 88, 164);
insert into order_product_21072018 (id, product_id, order_id) values (227, 109, 286);
insert into order_product_21072018 (id, product_id, order_id) values (228, 154, 34);
insert into order_product_21072018 (id, product_id, order_id) values (229, 31, 90);
insert into order_product_21072018 (id, product_id, order_id) values (230, 199, 100);
insert into order_product_21072018 (id, product_id, order_id) values (231, 132, 267);
insert into order_product_21072018 (id, product_id, order_id) values (232, 57, 119);
insert into order_product_21072018 (id, product_id, order_id) values (233, 5, 169);
insert into order_product_21072018 (id, product_id, order_id) values (234, 158, 96);
insert into order_product_21072018 (id, product_id, order_id) values (235, 107, 142);
insert into order_product_21072018 (id, product_id, order_id) values (236, 61, 27);
insert into order_product_21072018 (id, product_id, order_id) values (237, 213, 63);
insert into order_product_21072018 (id, product_id, order_id) values (238, 167, 241);
insert into order_product_21072018 (id, product_id, order_id) values (239, 226, 112);
insert into order_product_21072018 (id, product_id, order_id) values (240, 28, 103);
insert into order_product_21072018 (id, product_id, order_id) values (241, 13, 255);
insert into order_product_21072018 (id, product_id, order_id) values (242, 183, 132);
insert into order_product_21072018 (id, product_id, order_id) values (243, 211, 114);
insert into order_product_21072018 (id, product_id, order_id) values (244, 263, 189);
insert into order_product_21072018 (id, product_id, order_id) values (245, 164, 26);
insert into order_product_21072018 (id, product_id, order_id) values (246, 16, 30);
insert into order_product_21072018 (id, product_id, order_id) values (247, 15, 234);
insert into order_product_21072018 (id, product_id, order_id) values (248, 133, 232);
insert into order_product_21072018 (id, product_id, order_id) values (249, 190, 265);
insert into order_product_21072018 (id, product_id, order_id) values (250, 151, 172);
insert into order_product_21072018 (id, product_id, order_id) values (251, 65, 233);
insert into order_product_21072018 (id, product_id, order_id) values (252, 4, 156);
insert into order_product_21072018 (id, product_id, order_id) values (253, 207, 229);
insert into order_product_21072018 (id, product_id, order_id) values (254, 234, 34);
insert into order_product_21072018 (id, product_id, order_id) values (255, 28, 180);
insert into order_product_21072018 (id, product_id, order_id) values (256, 297, 73);
insert into order_product_21072018 (id, product_id, order_id) values (257, 132, 187);
insert into order_product_21072018 (id, product_id, order_id) values (258, 43, 87);
insert into order_product_21072018 (id, product_id, order_id) values (259, 247, 17);
insert into order_product_21072018 (id, product_id, order_id) values (260, 57, 198);
insert into order_product_21072018 (id, product_id, order_id) values (261, 102, 249);
insert into order_product_21072018 (id, product_id, order_id) values (262, 24, 15);
insert into order_product_21072018 (id, product_id, order_id) values (263, 47, 186);
insert into order_product_21072018 (id, product_id, order_id) values (264, 60, 9);
insert into order_product_21072018 (id, product_id, order_id) values (265, 116, 132);
insert into order_product_21072018 (id, product_id, order_id) values (266, 200, 19);
insert into order_product_21072018 (id, product_id, order_id) values (267, 121, 25);
insert into order_product_21072018 (id, product_id, order_id) values (268, 76, 253);
insert into order_product_21072018 (id, product_id, order_id) values (269, 13, 159);
insert into order_product_21072018 (id, product_id, order_id) values (270, 96, 77);
insert into order_product_21072018 (id, product_id, order_id) values (271, 270, 261);
insert into order_product_21072018 (id, product_id, order_id) values (272, 252, 176);
insert into order_product_21072018 (id, product_id, order_id) values (273, 167, 286);
insert into order_product_21072018 (id, product_id, order_id) values (274, 201, 193);
insert into order_product_21072018 (id, product_id, order_id) values (275, 20, 296);
insert into order_product_21072018 (id, product_id, order_id) values (276, 172, 40);
insert into order_product_21072018 (id, product_id, order_id) values (277, 161, 74);
insert into order_product_21072018 (id, product_id, order_id) values (278, 191, 144);
insert into order_product_21072018 (id, product_id, order_id) values (279, 146, 97);
insert into order_product_21072018 (id, product_id, order_id) values (280, 230, 63);
insert into order_product_21072018 (id, product_id, order_id) values (281, 10, 9);
insert into order_product_21072018 (id, product_id, order_id) values (282, 251, 264);
insert into order_product_21072018 (id, product_id, order_id) values (283, 280, 261);
insert into order_product_21072018 (id, product_id, order_id) values (284, 57, 169);
insert into order_product_21072018 (id, product_id, order_id) values (285, 184, 193);
insert into order_product_21072018 (id, product_id, order_id) values (286, 186, 276);
insert into order_product_21072018 (id, product_id, order_id) values (287, 161, 30);
insert into order_product_21072018 (id, product_id, order_id) values (288, 162, 285);
insert into order_product_21072018 (id, product_id, order_id) values (289, 134, 63);
insert into order_product_21072018 (id, product_id, order_id) values (290, 253, 107);
insert into order_product_21072018 (id, product_id, order_id) values (291, 54, 208);
insert into order_product_21072018 (id, product_id, order_id) values (292, 285, 9);
insert into order_product_21072018 (id, product_id, order_id) values (293, 36, 99);
insert into order_product_21072018 (id, product_id, order_id) values (294, 37, 263);
insert into order_product_21072018 (id, product_id, order_id) values (295, 14, 224);
insert into order_product_21072018 (id, product_id, order_id) values (296, 247, 215);
insert into order_product_21072018 (id, product_id, order_id) values (297, 296, 166);
insert into order_product_21072018 (id, product_id, order_id) values (298, 287, 18);
insert into order_product_21072018 (id, product_id, order_id) values (299, 267, 73);
insert into order_product_21072018 (id, product_id, order_id) values (300, 282, 90);

CREATE TABLE comment_21072018 (
  id         SERIAL PRIMARY KEY,
  title      VARCHAR(64) NOT NULL,
  text       VARCHAR(300),
  is_deleted BOOLEAN DEFAULT FALSE,
  order_id   INT REFERENCES order_21072018 (id)
);

insert into comment_21072018 (id, title, text, is_deleted, order_id) values (1, 'augue a suscipit nulla', 'sagittis sapien cum sociis natoque penatibus et magnis dis parturient', true, 116);
insert into comment_21072018 (id, title, text, is_deleted, order_id) values (2, 'amet consectetuer adipiscing elit proin', 'id turpis integer aliquet massa id lobortis convallis tortor risus dapibus', false, 183);
insert into comment_21072018 (id, title, text, is_deleted, order_id) values (3, 'sem mauris laoreet ut', 'pretium nisl ut volutpat sapien arcu sed augue aliquam erat volutpat in congue etiam justo etiam pretium iaculis justo', true, 247);
insert into comment_21072018 (id, title, text, is_deleted, order_id) values (4, 'in congue etiam justo etiam', 'nulla tellus in sagittis dui vel nisl duis ac nibh fusce lacus purus aliquet at feugiat non pretium quis lectus', true, 161);
insert into comment_21072018 (id, title, text, is_deleted, order_id) values (5, 'volutpat dui maecenas tristique est', 'convallis morbi odio odio elementum eu interdum eu tincidunt in leo maecenas pulvinar', false, 25);
insert into comment_21072018 (id, title, text, is_deleted, order_id) values (6, 'amet consectetuer adipiscing elit', 'quam a odio in hac habitasse platea dictumst maecenas ut massa quis augue luctus tincidunt', true, 123);
insert into comment_21072018 (id, title, text, is_deleted, order_id) values (7, 'maecenas leo odio condimentum id', 'sem praesent id massa id nisl venenatis lacinia aenean sit amet justo morbi ut odio cras mi pede malesuada in', true, 171);
insert into comment_21072018 (id, title, text, is_deleted, order_id) values (8, 'donec quis orci eget orci', 'leo rhoncus sed vestibulum sit amet cursus id turpis integer aliquet massa', true, 198);
insert into comment_21072018 (id, title, text, is_deleted, order_id) values (9, 'id nisl venenatis lacinia', 'quis augue luctus tincidunt nulla mollis molestie lorem quisque ut erat curabitur gravida nisi at', true, 43);
insert into comment_21072018 (id, title, text, is_deleted, order_id) values (10, 'vulputate vitae nisl', 'a pede posuere nonummy integer non velit donec diam neque vestibulum eget vulputate ut ultrices vel augue vestibulum ante', false, 44);
insert into comment_21072018 (id, title, text, is_deleted, order_id) values (11, 'ac nibh fusce lacus', 'pede lobortis ligula sit amet eleifend pede libero quis orci nullam molestie nibh in lectus pellentesque', true, 11);
insert into comment_21072018 (id, title, text, is_deleted, order_id) values (12, 'eget vulputate ut ultrices', 'viverra dapibus nulla suscipit ligula in lacus curabitur at ipsum ac', false, 256);
insert into comment_21072018 (id, title, text, is_deleted, order_id) values (13, 'enim lorem ipsum dolor', 'quam pede lobortis ligula sit amet eleifend pede libero quis orci nullam molestie nibh in lectus pellentesque at nulla suspendisse', false, 244);
insert into comment_21072018 (id, title, text, is_deleted, order_id) values (14, 'platea dictumst maecenas', 'dis parturient montes nascetur ridiculus mus vivamus vestibulum sagittis sapien cum sociis natoque penatibus et magnis dis parturient montes', false, 237);
insert into comment_21072018 (id, title, text, is_deleted, order_id) values (15, 'libero ut massa volutpat convallis', 'vel est donec odio justo sollicitudin ut suscipit a feugiat et eros vestibulum ac est lacinia nisi venenatis tristique fusce', false, 147);
insert into comment_21072018 (id, title, text, is_deleted, order_id) values (16, 'nulla eget eros elementum', 'pellentesque ultrices phasellus id sapien in sapien iaculis congue vivamus metus arcu adipiscing molestie hendrerit at vulputate vitae nisl', false, 99);
insert into comment_21072018 (id, title, text, is_deleted, order_id) values (17, 'non mauris morbi', 'molestie nibh in lectus pellentesque at nulla suspendisse potenti cras in purus eu magna vulputate luctus', false, 127);
insert into comment_21072018 (id, title, text, is_deleted, order_id) values (18, 'nunc proin at turpis a', 'dapibus nulla suscipit ligula in lacus curabitur at ipsum ac tellus semper interdum', false, 78);
insert into comment_21072018 (id, title, text, is_deleted, order_id) values (19, 'congue diam id ornare imperdiet', 'sodales sed tincidunt eu felis fusce posuere felis sed lacus morbi', true, 27);
insert into comment_21072018 (id, title, text, is_deleted, order_id) values (20, 'metus sapien ut nunc', 'venenatis lacinia aenean sit amet justo morbi ut odio cras mi pede malesuada in', true, 51);
insert into comment_21072018 (id, title, text, is_deleted, order_id) values (21, 'etiam pretium iaculis justo', 'quisque id justo sit amet sapien dignissim vestibulum vestibulum ante ipsum primis in faucibus orci luctus', true, 24);
insert into comment_21072018 (id, title, text, is_deleted, order_id) values (22, 'vestibulum sit amet cursus id', 'cubilia curae donec pharetra magna vestibulum aliquet ultrices erat tortor sollicitudin mi sit amet lobortis', true, 257);
insert into comment_21072018 (id, title, text, is_deleted, order_id) values (23, 'fringilla rhoncus mauris enim', 'tristique fusce congue diam id ornare imperdiet sapien urna pretium nisl ut volutpat sapien', true, 298);
insert into comment_21072018 (id, title, text, is_deleted, order_id) values (24, 'natoque penatibus et', 'lacus curabitur at ipsum ac tellus semper interdum mauris ullamcorper purus sit amet nulla quisque arcu libero rutrum ac', false, 29);
insert into comment_21072018 (id, title, text, is_deleted, order_id) values (25, 'non velit nec nisi', 'curae donec pharetra magna vestibulum aliquet ultrices erat tortor sollicitudin mi sit', true, 169);
insert into comment_21072018 (id, title, text, is_deleted, order_id) values (26, 'est phasellus sit', 'adipiscing elit proin risus praesent lectus vestibulum quam sapien varius ut blandit non interdum in', true, 208);
insert into comment_21072018 (id, title, text, is_deleted, order_id) values (27, 'eu interdum eu', 'id turpis integer aliquet massa id lobortis convallis tortor risus dapibus augue vel accumsan tellus nisi eu orci mauris', false, 171);
insert into comment_21072018 (id, title, text, is_deleted, order_id) values (28, 'quam fringilla rhoncus', 'curabitur at ipsum ac tellus semper interdum mauris ullamcorper purus sit amet nulla quisque arcu', false, 212);
insert into comment_21072018 (id, title, text, is_deleted, order_id) values (29, 'mus vivamus vestibulum sagittis sapien', 'non lectus aliquam sit amet diam in magna bibendum imperdiet nullam orci', true, 56);
insert into comment_21072018 (id, title, text, is_deleted, order_id) values (30, 'nulla nunc purus phasellus in', 'augue quam sollicitudin vitae consectetuer eget rutrum at lorem integer tincidunt ante vel ipsum', false, 244);
insert into comment_21072018 (id, title, text, is_deleted, order_id) values (31, 'ut mauris eget massa tempor', 'at dolor quis odio consequat varius integer ac leo pellentesque ultrices mattis odio donec vitae nisi nam', true, 260);
insert into comment_21072018 (id, title, text, is_deleted, order_id) values (32, 'elementum nullam varius', 'lectus pellentesque at nulla suspendisse potenti cras in purus eu magna vulputate', false, 6);
insert into comment_21072018 (id, title, text, is_deleted, order_id) values (33, 'ridiculus mus etiam', 'ut at dolor quis odio consequat varius integer ac leo pellentesque ultrices mattis odio donec vitae nisi', true, 228);
insert into comment_21072018 (id, title, text, is_deleted, order_id) values (34, 'tincidunt eu felis', 'nisi venenatis tristique fusce congue diam id ornare imperdiet sapien urna pretium nisl ut volutpat sapien arcu sed augue', true, 31);
insert into comment_21072018 (id, title, text, is_deleted, order_id) values (35, 'bibendum morbi non quam', 'suspendisse ornare consequat lectus in est risus auctor sed tristique in tempus sit amet sem fusce', false, 132);
insert into comment_21072018 (id, title, text, is_deleted, order_id) values (36, 'ultrices libero non mattis', 'lacus curabitur at ipsum ac tellus semper interdum mauris ullamcorper purus sit amet nulla', false, 229);
insert into comment_21072018 (id, title, text, is_deleted, order_id) values (37, 'tincidunt lacus at velit', 'odio cras mi pede malesuada in imperdiet et commodo vulputate justo in blandit ultrices enim lorem ipsum', false, 265);
insert into comment_21072018 (id, title, text, is_deleted, order_id) values (38, 'ipsum primis in faucibus', 'tempus vivamus in felis eu sapien cursus vestibulum proin eu mi nulla ac enim in tempor turpis nec euismod', false, 154);
insert into comment_21072018 (id, title, text, is_deleted, order_id) values (39, 'tortor id nulla ultrices aliquet', 'justo aliquam quis turpis eget elit sodales scelerisque mauris sit amet eros suspendisse accumsan tortor quis turpis sed', false, 222);
insert into comment_21072018 (id, title, text, is_deleted, order_id) values (40, 'id justo sit', 'sociis natoque penatibus et magnis dis parturient montes nascetur ridiculus mus etiam vel augue vestibulum rutrum', true, 135);
insert into comment_21072018 (id, title, text, is_deleted, order_id) values (41, 'quam nec dui luctus rutrum', 'ipsum praesent blandit lacinia erat vestibulum sed magna at nunc', true, 274);
insert into comment_21072018 (id, title, text, is_deleted, order_id) values (42, 'mus etiam vel augue vestibulum', 'condimentum neque sapien placerat ante nulla justo aliquam quis turpis eget', false, 129);
insert into comment_21072018 (id, title, text, is_deleted, order_id) values (43, 'pede lobortis ligula sit amet', 'potenti in eleifend quam a odio in hac habitasse platea dictumst maecenas ut massa quis augue luctus tincidunt nulla', true, 61);
insert into comment_21072018 (id, title, text, is_deleted, order_id) values (44, 'est risus auctor sed', 'dui luctus rutrum nulla tellus in sagittis dui vel nisl duis', false, 98);
insert into comment_21072018 (id, title, text, is_deleted, order_id) values (45, 'in tempus sit amet sem', 'odio consequat varius integer ac leo pellentesque ultrices mattis odio donec vitae nisi nam ultrices libero non mattis pulvinar nulla', true, 97);
insert into comment_21072018 (id, title, text, is_deleted, order_id) values (46, 'ut ultrices vel augue vestibulum', 'ultrices aliquet maecenas leo odio condimentum id luctus nec molestie sed justo pellentesque viverra pede ac diam', true, 147);
insert into comment_21072018 (id, title, text, is_deleted, order_id) values (47, 'morbi odio odio', 'justo morbi ut odio cras mi pede malesuada in imperdiet et commodo vulputate', false, 167);
insert into comment_21072018 (id, title, text, is_deleted, order_id) values (48, 'orci luctus et', 'morbi non lectus aliquam sit amet diam in magna bibendum imperdiet nullam orci pede venenatis non sodales sed tincidunt', false, 266);
insert into comment_21072018 (id, title, text, is_deleted, order_id) values (49, 'sit amet nunc', 'consectetuer eget rutrum at lorem integer tincidunt ante vel ipsum praesent blandit lacinia erat vestibulum sed magna at nunc', false, 91);
insert into comment_21072018 (id, title, text, is_deleted, order_id) values (50, 'nunc proin at turpis a', 'at lorem integer tincidunt ante vel ipsum praesent blandit lacinia erat vestibulum sed magna at nunc commodo placerat praesent blandit', false, 109);
insert into comment_21072018 (id, title, text, is_deleted, order_id) values (51, 'quam turpis adipiscing lorem', 'proin at turpis a pede posuere nonummy integer non velit', true, 101);
insert into comment_21072018 (id, title, text, is_deleted, order_id) values (52, 'ac consequat metus sapien', 'commodo placerat praesent blandit nam nulla integer pede justo lacinia eget tincidunt eget tempus vel pede morbi porttitor', true, 36);
insert into comment_21072018 (id, title, text, is_deleted, order_id) values (53, 'viverra diam vitae quam suspendisse', 'ultrices vel augue vestibulum ante ipsum primis in faucibus orci', true, 86);
insert into comment_21072018 (id, title, text, is_deleted, order_id) values (54, 'mattis nibh ligula nec sem', 'augue luctus tincidunt nulla mollis molestie lorem quisque ut erat curabitur gravida nisi at nibh in hac habitasse platea dictumst', true, 115);
insert into comment_21072018 (id, title, text, is_deleted, order_id) values (55, 'eget tempus vel pede morbi', 'eget orci vehicula condimentum curabitur in libero ut massa volutpat', false, 89);
insert into comment_21072018 (id, title, text, is_deleted, order_id) values (56, 'aliquet at feugiat', 'diam erat fermentum justo nec condimentum neque sapien placerat ante nulla justo aliquam quis turpis eget elit sodales', false, 115);
insert into comment_21072018 (id, title, text, is_deleted, order_id) values (57, 'habitasse platea dictumst', 'porta volutpat quam pede lobortis ligula sit amet eleifend pede libero quis orci nullam molestie', false, 42);
insert into comment_21072018 (id, title, text, is_deleted, order_id) values (58, 'metus sapien ut nunc', 'nulla suscipit ligula in lacus curabitur at ipsum ac tellus semper interdum mauris ullamcorper', false, 145);
insert into comment_21072018 (id, title, text, is_deleted, order_id) values (59, 'congue risus semper', 'vivamus vel nulla eget eros elementum pellentesque quisque porta volutpat erat quisque erat', true, 263);
insert into comment_21072018 (id, title, text, is_deleted, order_id) values (60, 'congue risus semper porta volutpat', 'vestibulum rutrum rutrum neque aenean auctor gravida sem praesent id massa id nisl venenatis lacinia aenean sit', false, 16);
insert into comment_21072018 (id, title, text, is_deleted, order_id) values (61, 'cum sociis natoque penatibus', 'massa volutpat convallis morbi odio odio elementum eu interdum eu tincidunt in leo maecenas pulvinar', false, 1);
insert into comment_21072018 (id, title, text, is_deleted, order_id) values (62, 'sagittis dui vel', 'lobortis est phasellus sit amet erat nulla tempus vivamus in felis eu', true, 83);
insert into comment_21072018 (id, title, text, is_deleted, order_id) values (63, 'ac leo pellentesque', 'tempor convallis nulla neque libero convallis eget eleifend luctus ultricies eu', false, 36);
insert into comment_21072018 (id, title, text, is_deleted, order_id) values (64, 'arcu sed augue aliquam', 'dapibus augue vel accumsan tellus nisi eu orci mauris lacinia', false, 202);
insert into comment_21072018 (id, title, text, is_deleted, order_id) values (65, 'nulla pede ullamcorper', 'volutpat dui maecenas tristique est et tempus semper est quam pharetra magna ac consequat metus', true, 281);
insert into comment_21072018 (id, title, text, is_deleted, order_id) values (66, 'bibendum imperdiet nullam orci pede', 'nulla ut erat id mauris vulputate elementum nullam varius nulla facilisi cras non velit nec nisi vulputate', false, 154);
insert into comment_21072018 (id, title, text, is_deleted, order_id) values (67, 'mauris lacinia sapien', 'sit amet sapien dignissim vestibulum vestibulum ante ipsum primis in faucibus orci luctus', true, 126);
insert into comment_21072018 (id, title, text, is_deleted, order_id) values (68, 'quam a odio in hac', 'duis consequat dui nec nisi volutpat eleifend donec ut dolor morbi vel lectus in quam', true, 252);
insert into comment_21072018 (id, title, text, is_deleted, order_id) values (69, 'mollis molestie lorem quisque ut', 'integer non velit donec diam neque vestibulum eget vulputate ut ultrices vel augue vestibulum ante ipsum primis', false, 145);
insert into comment_21072018 (id, title, text, is_deleted, order_id) values (70, 'luctus et ultrices posuere cubilia', 'turpis nec euismod scelerisque quam turpis adipiscing lorem vitae mattis nibh ligula nec sem duis aliquam convallis nunc', false, 87);
insert into comment_21072018 (id, title, text, is_deleted, order_id) values (71, 'sit amet nulla', 'amet eleifend pede libero quis orci nullam molestie nibh in lectus', false, 207);
insert into comment_21072018 (id, title, text, is_deleted, order_id) values (72, 'in libero ut', 'hac habitasse platea dictumst aliquam augue quam sollicitudin vitae consectetuer eget rutrum at lorem integer tincidunt', false, 105);
insert into comment_21072018 (id, title, text, is_deleted, order_id) values (73, 'quam sapien varius ut', 'placerat praesent blandit nam nulla integer pede justo lacinia eget tincidunt eget tempus vel pede morbi porttitor lorem', true, 20);
insert into comment_21072018 (id, title, text, is_deleted, order_id) values (74, 'nam dui proin leo', 'posuere cubilia curae mauris viverra diam vitae quam suspendisse potenti nullam', true, 74);
insert into comment_21072018 (id, title, text, is_deleted, order_id) values (75, 'bibendum felis sed interdum venenatis', 'volutpat in congue etiam justo etiam pretium iaculis justo in hac habitasse platea dictumst etiam faucibus', false, 155);
insert into comment_21072018 (id, title, text, is_deleted, order_id) values (76, 'odio in hac habitasse platea', 'posuere felis sed lacus morbi sem mauris laoreet ut rhoncus aliquet pulvinar sed nisl nunc rhoncus dui', true, 121);
insert into comment_21072018 (id, title, text, is_deleted, order_id) values (77, 'non mi integer ac neque', 'ultrices vel augue vestibulum ante ipsum primis in faucibus orci luctus et ultrices posuere cubilia curae', false, 117);
insert into comment_21072018 (id, title, text, is_deleted, order_id) values (78, 'eros viverra eget congue eget', 'orci vehicula condimentum curabitur in libero ut massa volutpat convallis', false, 194);
insert into comment_21072018 (id, title, text, is_deleted, order_id) values (79, 'nonummy maecenas tincidunt lacus at', 'enim sit amet nunc viverra dapibus nulla suscipit ligula in lacus curabitur at ipsum ac', true, 208);
insert into comment_21072018 (id, title, text, is_deleted, order_id) values (80, 'quis orci nullam molestie nibh', 'et ultrices posuere cubilia curae mauris viverra diam vitae quam suspendisse potenti nullam porttitor lacus', false, 234);
insert into comment_21072018 (id, title, text, is_deleted, order_id) values (81, 'varius ut blandit non', 'justo etiam pretium iaculis justo in hac habitasse platea dictumst etiam faucibus cursus urna ut tellus', true, 163);
insert into comment_21072018 (id, title, text, is_deleted, order_id) values (82, 'lacinia erat vestibulum sed', 'libero quis orci nullam molestie nibh in lectus pellentesque at nulla suspendisse potenti cras in purus eu magna vulputate', true, 5);
insert into comment_21072018 (id, title, text, is_deleted, order_id) values (83, 'eget congue eget', 'nibh in hac habitasse platea dictumst aliquam augue quam sollicitudin vitae consectetuer eget rutrum at', true, 253);
insert into comment_21072018 (id, title, text, is_deleted, order_id) values (84, 'lobortis est phasellus sit amet', 'iaculis diam erat fermentum justo nec condimentum neque sapien placerat ante nulla justo aliquam quis turpis eget', false, 300);
insert into comment_21072018 (id, title, text, is_deleted, order_id) values (85, 'purus eu magna vulputate luctus', 'iaculis diam erat fermentum justo nec condimentum neque sapien placerat ante nulla justo aliquam quis turpis eget elit', false, 42);
insert into comment_21072018 (id, title, text, is_deleted, order_id) values (86, 'pellentesque ultrices phasellus id sapien', 'ligula sit amet eleifend pede libero quis orci nullam molestie nibh', true, 3);
insert into comment_21072018 (id, title, text, is_deleted, order_id) values (87, 'tempor convallis nulla', 'dis parturient montes nascetur ridiculus mus vivamus vestibulum sagittis sapien cum sociis natoque penatibus et magnis dis parturient', false, 154);
insert into comment_21072018 (id, title, text, is_deleted, order_id) values (88, 'diam erat fermentum', 'sapien placerat ante nulla justo aliquam quis turpis eget elit sodales', false, 272);
insert into comment_21072018 (id, title, text, is_deleted, order_id) values (89, 'sociis natoque penatibus et magnis', 'phasellus sit amet erat nulla tempus vivamus in felis eu sapien cursus vestibulum proin eu', true, 144);
insert into comment_21072018 (id, title, text, is_deleted, order_id) values (90, 'risus semper porta volutpat', 'nullam orci pede venenatis non sodales sed tincidunt eu felis', false, 266);
insert into comment_21072018 (id, title, text, is_deleted, order_id) values (91, 'tristique in tempus sit amet', 'sodales sed tincidunt eu felis fusce posuere felis sed lacus morbi sem mauris laoreet ut rhoncus aliquet pulvinar sed', false, 140);
insert into comment_21072018 (id, title, text, is_deleted, order_id) values (92, 'ipsum primis in faucibus orci', 'integer a nibh in quis justo maecenas rhoncus aliquam lacus morbi quis tortor id nulla ultrices aliquet maecenas', false, 295);
insert into comment_21072018 (id, title, text, is_deleted, order_id) values (93, 'sem mauris laoreet ut', 'ultrices posuere cubilia curae nulla dapibus dolor vel est donec odio justo sollicitudin ut suscipit a feugiat', true, 72);
insert into comment_21072018 (id, title, text, is_deleted, order_id) values (94, 'imperdiet et commodo', 'mi in porttitor pede justo eu massa donec dapibus duis at velit eu est congue elementum in hac habitasse', true, 109);
insert into comment_21072018 (id, title, text, is_deleted, order_id) values (95, 'justo in blandit', 'eget tempus vel pede morbi porttitor lorem id ligula suspendisse', false, 201);
insert into comment_21072018 (id, title, text, is_deleted, order_id) values (96, 'vestibulum proin eu', 'in sagittis dui vel nisl duis ac nibh fusce lacus purus aliquet at feugiat non pretium quis', true, 185);
insert into comment_21072018 (id, title, text, is_deleted, order_id) values (97, 'blandit nam nulla', 'sapien dignissim vestibulum vestibulum ante ipsum primis in faucibus orci luctus et ultrices posuere cubilia', true, 162);
insert into comment_21072018 (id, title, text, is_deleted, order_id) values (98, 'maecenas tristique est', 'dolor morbi vel lectus in quam fringilla rhoncus mauris enim leo rhoncus', true, 221);
insert into comment_21072018 (id, title, text, is_deleted, order_id) values (99, 'urna pretium nisl', 'amet turpis elementum ligula vehicula consequat morbi a ipsum integer', true, 206);
insert into comment_21072018 (id, title, text, is_deleted, order_id) values (100, 'nisi at nibh', 'lacus purus aliquet at feugiat non pretium quis lectus suspendisse potenti in eleifend quam a odio', false, 202);
insert into comment_21072018 (id, title, text, is_deleted, order_id) values (101, 'amet consectetuer adipiscing elit', 'vivamus metus arcu adipiscing molestie hendrerit at vulputate vitae nisl', false, 179);
insert into comment_21072018 (id, title, text, is_deleted, order_id) values (102, 'vulputate elementum nullam varius nulla', 'ullamcorper augue a suscipit nulla elit ac nulla sed vel', true, 107);
insert into comment_21072018 (id, title, text, is_deleted, order_id) values (103, 'at nibh in hac', 'nisi nam ultrices libero non mattis pulvinar nulla pede ullamcorper augue a suscipit nulla elit ac', false, 45);
insert into comment_21072018 (id, title, text, is_deleted, order_id) values (104, 'sed interdum venenatis turpis', 'duis bibendum morbi non quam nec dui luctus rutrum nulla tellus in sagittis dui vel nisl duis', true, 160);
insert into comment_21072018 (id, title, text, is_deleted, order_id) values (105, 'in eleifend quam a odio', 'duis mattis egestas metus aenean fermentum donec ut mauris eget massa', false, 221);
insert into comment_21072018 (id, title, text, is_deleted, order_id) values (106, 'habitasse platea dictumst etiam', 'iaculis congue vivamus metus arcu adipiscing molestie hendrerit at vulputate vitae', true, 173);
insert into comment_21072018 (id, title, text, is_deleted, order_id) values (107, 'dui vel nisl duis ac', 'lectus suspendisse potenti in eleifend quam a odio in hac', false, 234);
insert into comment_21072018 (id, title, text, is_deleted, order_id) values (108, 'sed justo pellentesque', 'eu tincidunt in leo maecenas pulvinar lobortis est phasellus sit amet erat nulla tempus vivamus in felis eu sapien', false, 95);
insert into comment_21072018 (id, title, text, is_deleted, order_id) values (109, 'suspendisse potenti nullam porttitor lacus', 'duis faucibus accumsan odio curabitur convallis duis consequat dui nec', true, 146);
insert into comment_21072018 (id, title, text, is_deleted, order_id) values (110, 'ipsum dolor sit amet consectetuer', 'eget semper rutrum nulla nunc purus phasellus in felis donec', false, 221);
insert into comment_21072018 (id, title, text, is_deleted, order_id) values (111, 'fusce consequat nulla', 'amet eros suspendisse accumsan tortor quis turpis sed ante vivamus tortor duis mattis egestas metus aenean fermentum donec ut', false, 121);
insert into comment_21072018 (id, title, text, is_deleted, order_id) values (112, 'libero convallis eget eleifend', 'sit amet eros suspendisse accumsan tortor quis turpis sed ante', true, 50);
insert into comment_21072018 (id, title, text, is_deleted, order_id) values (113, 'lacus curabitur at ipsum', 'sem fusce consequat nulla nisl nunc nisl duis bibendum felis sed interdum', true, 152);
insert into comment_21072018 (id, title, text, is_deleted, order_id) values (114, 'maecenas pulvinar lobortis est', 'quam turpis adipiscing lorem vitae mattis nibh ligula nec sem duis aliquam convallis nunc proin at turpis a pede posuere', true, 280);
insert into comment_21072018 (id, title, text, is_deleted, order_id) values (115, 'urna ut tellus nulla', 'eget massa tempor convallis nulla neque libero convallis eget eleifend luctus ultricies eu nibh quisque id justo sit amet', true, 140);
insert into comment_21072018 (id, title, text, is_deleted, order_id) values (116, 'justo in hac habitasse platea', 'primis in faucibus orci luctus et ultrices posuere cubilia curae duis faucibus accumsan odio curabitur', false, 15);
insert into comment_21072018 (id, title, text, is_deleted, order_id) values (117, 'vel lectus in quam fringilla', 'integer ac neque duis bibendum morbi non quam nec dui luctus rutrum nulla tellus in sagittis', false, 136);
insert into comment_21072018 (id, title, text, is_deleted, order_id) values (118, 'urna ut tellus', 'quis turpis eget elit sodales scelerisque mauris sit amet eros suspendisse accumsan tortor quis turpis sed ante vivamus tortor', true, 221);
insert into comment_21072018 (id, title, text, is_deleted, order_id) values (119, 'vel enim sit amet nunc', 'porttitor lorem id ligula suspendisse ornare consequat lectus in est risus auctor sed tristique in tempus sit amet sem fusce', true, 66);
insert into comment_21072018 (id, title, text, is_deleted, order_id) values (120, 'sed nisl nunc rhoncus', 'eget rutrum at lorem integer tincidunt ante vel ipsum praesent blandit lacinia erat vestibulum sed', false, 122);
insert into comment_21072018 (id, title, text, is_deleted, order_id) values (121, 'suspendisse ornare consequat', 'ridiculus mus vivamus vestibulum sagittis sapien cum sociis natoque penatibus et magnis dis', true, 243);
insert into comment_21072018 (id, title, text, is_deleted, order_id) values (122, 'nulla integer pede', 'et commodo vulputate justo in blandit ultrices enim lorem ipsum dolor sit amet consectetuer', true, 253);
insert into comment_21072018 (id, title, text, is_deleted, order_id) values (123, 'dictumst aliquam augue quam sollicitudin', 'elementum eu interdum eu tincidunt in leo maecenas pulvinar lobortis est phasellus sit amet erat', true, 253);
insert into comment_21072018 (id, title, text, is_deleted, order_id) values (124, 'luctus et ultrices posuere cubilia', 'erat volutpat in congue etiam justo etiam pretium iaculis justo in hac', false, 8);
insert into comment_21072018 (id, title, text, is_deleted, order_id) values (125, 'eget semper rutrum', 'mattis egestas metus aenean fermentum donec ut mauris eget massa tempor convallis nulla neque libero convallis eget eleifend luctus', false, 209);
insert into comment_21072018 (id, title, text, is_deleted, order_id) values (126, 'nunc donec quis', 'ridiculus mus etiam vel augue vestibulum rutrum rutrum neque aenean auctor gravida sem praesent id', false, 263);
insert into comment_21072018 (id, title, text, is_deleted, order_id) values (127, 'quisque ut erat', 'blandit lacinia erat vestibulum sed magna at nunc commodo placerat', false, 161);
insert into comment_21072018 (id, title, text, is_deleted, order_id) values (128, 'sed ante vivamus', 'amet erat nulla tempus vivamus in felis eu sapien cursus vestibulum proin eu mi nulla ac enim in', true, 217);
insert into comment_21072018 (id, title, text, is_deleted, order_id) values (129, 'rhoncus aliquet pulvinar sed nisl', 'in congue etiam justo etiam pretium iaculis justo in hac habitasse platea dictumst etiam faucibus cursus', true, 94);
insert into comment_21072018 (id, title, text, is_deleted, order_id) values (130, 'lobortis est phasellus sit', 'felis ut at dolor quis odio consequat varius integer ac leo pellentesque ultrices mattis odio donec', true, 114);
insert into comment_21072018 (id, title, text, is_deleted, order_id) values (131, 'morbi odio odio elementum', 'pellentesque eget nunc donec quis orci eget orci vehicula condimentum', true, 54);
insert into comment_21072018 (id, title, text, is_deleted, order_id) values (132, 'integer ac neque duis bibendum', 'varius ut blandit non interdum in ante vestibulum ante ipsum primis in faucibus', false, 82);
insert into comment_21072018 (id, title, text, is_deleted, order_id) values (133, 'ante ipsum primis', 'in eleifend quam a odio in hac habitasse platea dictumst maecenas ut massa quis augue luctus tincidunt', true, 30);
insert into comment_21072018 (id, title, text, is_deleted, order_id) values (134, 'quam turpis adipiscing lorem', 'eleifend pede libero quis orci nullam molestie nibh in lectus pellentesque at nulla suspendisse potenti cras', false, 138);
insert into comment_21072018 (id, title, text, is_deleted, order_id) values (135, 'cubilia curae donec pharetra magna', 'pretium quis lectus suspendisse potenti in eleifend quam a odio in hac habitasse platea dictumst', true, 90);
insert into comment_21072018 (id, title, text, is_deleted, order_id) values (136, 'sed vestibulum sit', 'elit proin risus praesent lectus vestibulum quam sapien varius ut blandit', true, 120);
insert into comment_21072018 (id, title, text, is_deleted, order_id) values (137, 'porttitor id consequat in consequat', 'vel augue vestibulum ante ipsum primis in faucibus orci luctus et ultrices posuere cubilia curae donec pharetra magna', true, 13);
insert into comment_21072018 (id, title, text, is_deleted, order_id) values (138, 'in faucibus orci', 'quis orci nullam molestie nibh in lectus pellentesque at nulla suspendisse', true, 245);
insert into comment_21072018 (id, title, text, is_deleted, order_id) values (139, 'lacus morbi sem mauris laoreet', 'faucibus orci luctus et ultrices posuere cubilia curae donec pharetra magna vestibulum aliquet ultrices erat tortor sollicitudin mi', true, 176);
insert into comment_21072018 (id, title, text, is_deleted, order_id) values (140, 'varius ut blandit non interdum', 'in quam fringilla rhoncus mauris enim leo rhoncus sed vestibulum sit amet cursus id turpis integer aliquet', false, 114);
insert into comment_21072018 (id, title, text, is_deleted, order_id) values (141, 'diam cras pellentesque volutpat dui', 'aenean auctor gravida sem praesent id massa id nisl venenatis lacinia aenean sit amet justo morbi ut', false, 85);
insert into comment_21072018 (id, title, text, is_deleted, order_id) values (142, 'aliquam sit amet', 'nulla suscipit ligula in lacus curabitur at ipsum ac tellus semper interdum mauris ullamcorper', false, 36);
insert into comment_21072018 (id, title, text, is_deleted, order_id) values (143, 'cursus urna ut', 'quisque arcu libero rutrum ac lobortis vel dapibus at diam nam', true, 3);
insert into comment_21072018 (id, title, text, is_deleted, order_id) values (144, 'nulla suscipit ligula', 'pretium quis lectus suspendisse potenti in eleifend quam a odio in hac habitasse platea dictumst maecenas ut massa', false, 171);
insert into comment_21072018 (id, title, text, is_deleted, order_id) values (145, 'non quam nec', 'non mattis pulvinar nulla pede ullamcorper augue a suscipit nulla elit ac', true, 36);
insert into comment_21072018 (id, title, text, is_deleted, order_id) values (146, 'ante ipsum primis', 'elit proin risus praesent lectus vestibulum quam sapien varius ut blandit non interdum in ante vestibulum ante ipsum', false, 29);
insert into comment_21072018 (id, title, text, is_deleted, order_id) values (147, 'viverra pede ac diam', 'molestie nibh in lectus pellentesque at nulla suspendisse potenti cras in purus eu magna vulputate luctus cum sociis natoque', true, 280);
insert into comment_21072018 (id, title, text, is_deleted, order_id) values (148, 'non velit donec diam neque', 'platea dictumst etiam faucibus cursus urna ut tellus nulla ut erat id mauris vulputate elementum nullam', false, 171);
insert into comment_21072018 (id, title, text, is_deleted, order_id) values (149, 'at ipsum ac', 'vel nulla eget eros elementum pellentesque quisque porta volutpat erat quisque erat eros viverra eget congue eget semper rutrum nulla', false, 37);
insert into comment_21072018 (id, title, text, is_deleted, order_id) values (150, 'nec nisi vulputate nonummy', 'vel accumsan tellus nisi eu orci mauris lacinia sapien quis libero nullam sit amet turpis elementum ligula vehicula', true, 286);
insert into comment_21072018 (id, title, text, is_deleted, order_id) values (151, 'ut mauris eget massa tempor', 'hac habitasse platea dictumst morbi vestibulum velit id pretium iaculis diam erat fermentum justo nec condimentum neque sapien', false, 297);
insert into comment_21072018 (id, title, text, is_deleted, order_id) values (152, 'luctus tincidunt nulla', 'diam id ornare imperdiet sapien urna pretium nisl ut volutpat sapien arcu sed augue aliquam erat volutpat in congue', true, 16);
insert into comment_21072018 (id, title, text, is_deleted, order_id) values (153, 'donec semper sapien a', 'lectus pellentesque eget nunc donec quis orci eget orci vehicula', true, 276);
insert into comment_21072018 (id, title, text, is_deleted, order_id) values (154, 'eu mi nulla ac', 'amet diam in magna bibendum imperdiet nullam orci pede venenatis non sodales sed tincidunt eu felis fusce posuere felis', true, 133);
insert into comment_21072018 (id, title, text, is_deleted, order_id) values (155, 'lacus curabitur at ipsum', 'nullam molestie nibh in lectus pellentesque at nulla suspendisse potenti cras', false, 290);
insert into comment_21072018 (id, title, text, is_deleted, order_id) values (156, 'vestibulum vestibulum ante ipsum primis', 'nec condimentum neque sapien placerat ante nulla justo aliquam quis turpis eget elit', true, 31);
insert into comment_21072018 (id, title, text, is_deleted, order_id) values (157, 'risus auctor sed', 'facilisi cras non velit nec nisi vulputate nonummy maecenas tincidunt lacus', true, 63);
insert into comment_21072018 (id, title, text, is_deleted, order_id) values (158, 'sapien placerat ante nulla', 'est lacinia nisi venenatis tristique fusce congue diam id ornare imperdiet sapien urna pretium', true, 86);
insert into comment_21072018 (id, title, text, is_deleted, order_id) values (159, 'ultrices libero non mattis pulvinar', 'bibendum imperdiet nullam orci pede venenatis non sodales sed tincidunt eu', false, 272);
insert into comment_21072018 (id, title, text, is_deleted, order_id) values (160, 'vestibulum ac est lacinia', 'velit donec diam neque vestibulum eget vulputate ut ultrices vel augue vestibulum ante ipsum', false, 22);
insert into comment_21072018 (id, title, text, is_deleted, order_id) values (161, 'platea dictumst etiam', 'nisi at nibh in hac habitasse platea dictumst aliquam augue quam', false, 248);
insert into comment_21072018 (id, title, text, is_deleted, order_id) values (162, 'pede venenatis non sodales sed', 'nam nulla integer pede justo lacinia eget tincidunt eget tempus vel pede', false, 237);
insert into comment_21072018 (id, title, text, is_deleted, order_id) values (163, 'sapien a libero nam', 'urna ut tellus nulla ut erat id mauris vulputate elementum nullam varius nulla facilisi cras non velit nec nisi vulputate', true, 59);
insert into comment_21072018 (id, title, text, is_deleted, order_id) values (164, 'magna vulputate luctus cum sociis', 'etiam pretium iaculis justo in hac habitasse platea dictumst etiam faucibus cursus urna', true, 282);
insert into comment_21072018 (id, title, text, is_deleted, order_id) values (165, 'rhoncus mauris enim leo rhoncus', 'sagittis nam congue risus semper porta volutpat quam pede lobortis ligula sit amet eleifend pede libero quis', true, 231);
insert into comment_21072018 (id, title, text, is_deleted, order_id) values (166, 'purus aliquet at feugiat non', 'sit amet turpis elementum ligula vehicula consequat morbi a ipsum integer a nibh in quis justo maecenas rhoncus aliquam lacus', true, 78);
insert into comment_21072018 (id, title, text, is_deleted, order_id) values (167, 'consequat ut nulla sed', 'a suscipit nulla elit ac nulla sed vel enim sit amet nunc viverra dapibus nulla suscipit ligula', false, 258);
insert into comment_21072018 (id, title, text, is_deleted, order_id) values (168, 'diam in magna bibendum imperdiet', 'odio in hac habitasse platea dictumst maecenas ut massa quis augue luctus tincidunt nulla mollis molestie lorem quisque', false, 80);
insert into comment_21072018 (id, title, text, is_deleted, order_id) values (169, 'luctus ultricies eu', 'ut nulla sed accumsan felis ut at dolor quis odio consequat varius integer', false, 186);
insert into comment_21072018 (id, title, text, is_deleted, order_id) values (170, 'metus arcu adipiscing molestie', 'donec diam neque vestibulum eget vulputate ut ultrices vel augue vestibulum ante ipsum', true, 40);
insert into comment_21072018 (id, title, text, is_deleted, order_id) values (171, 'sed tincidunt eu felis fusce', 'porttitor pede justo eu massa donec dapibus duis at velit eu est congue elementum in hac habitasse platea', false, 285);
insert into comment_21072018 (id, title, text, is_deleted, order_id) values (172, 'ultrices posuere cubilia', 'consequat morbi a ipsum integer a nibh in quis justo maecenas rhoncus aliquam lacus morbi quis tortor id nulla', false, 46);
insert into comment_21072018 (id, title, text, is_deleted, order_id) values (173, 'tortor duis mattis egestas metus', 'dictumst morbi vestibulum velit id pretium iaculis diam erat fermentum justo nec condimentum neque sapien', false, 229);
insert into comment_21072018 (id, title, text, is_deleted, order_id) values (174, 'elementum nullam varius nulla facilisi', 'urna ut tellus nulla ut erat id mauris vulputate elementum nullam varius nulla facilisi cras non velit nec nisi vulputate', false, 144);
insert into comment_21072018 (id, title, text, is_deleted, order_id) values (175, 'odio in hac habitasse', 'non sodales sed tincidunt eu felis fusce posuere felis sed', true, 169);
insert into comment_21072018 (id, title, text, is_deleted, order_id) values (176, 'maecenas leo odio', 'ornare consequat lectus in est risus auctor sed tristique in tempus sit amet sem fusce consequat nulla nisl', false, 92);
insert into comment_21072018 (id, title, text, is_deleted, order_id) values (177, 'viverra pede ac diam cras', 'morbi quis tortor id nulla ultrices aliquet maecenas leo odio condimentum id', true, 216);
insert into comment_21072018 (id, title, text, is_deleted, order_id) values (178, 'odio cras mi pede malesuada', 'justo in blandit ultrices enim lorem ipsum dolor sit amet consectetuer adipiscing elit proin interdum mauris non ligula pellentesque', true, 5);
insert into comment_21072018 (id, title, text, is_deleted, order_id) values (179, 'sed sagittis nam congue risus', 'morbi a ipsum integer a nibh in quis justo maecenas rhoncus aliquam', false, 153);
insert into comment_21072018 (id, title, text, is_deleted, order_id) values (180, 'congue vivamus metus', 'sem mauris laoreet ut rhoncus aliquet pulvinar sed nisl nunc rhoncus dui vel', true, 23);
insert into comment_21072018 (id, title, text, is_deleted, order_id) values (181, 'in hac habitasse platea dictumst', 'vivamus vel nulla eget eros elementum pellentesque quisque porta volutpat erat quisque erat eros viverra eget congue eget', false, 3);
insert into comment_21072018 (id, title, text, is_deleted, order_id) values (182, 'tortor duis mattis', 'mattis egestas metus aenean fermentum donec ut mauris eget massa tempor convallis nulla', true, 161);
insert into comment_21072018 (id, title, text, is_deleted, order_id) values (183, 'nonummy maecenas tincidunt lacus', 'cras mi pede malesuada in imperdiet et commodo vulputate justo in blandit ultrices enim', false, 10);
insert into comment_21072018 (id, title, text, is_deleted, order_id) values (184, 'at velit eu est congue', 'ac consequat metus sapien ut nunc vestibulum ante ipsum primis in faucibus orci luctus et ultrices posuere cubilia curae mauris', false, 210);
insert into comment_21072018 (id, title, text, is_deleted, order_id) values (185, 'nibh quisque id justo sit', 'aliquam lacus morbi quis tortor id nulla ultrices aliquet maecenas', true, 11);
insert into comment_21072018 (id, title, text, is_deleted, order_id) values (186, 'lacus curabitur at ipsum', 'in imperdiet et commodo vulputate justo in blandit ultrices enim lorem ipsum dolor sit amet consectetuer adipiscing elit proin interdum', false, 200);
insert into comment_21072018 (id, title, text, is_deleted, order_id) values (187, 'eget massa tempor convallis', 'nulla ultrices aliquet maecenas leo odio condimentum id luctus nec molestie sed justo pellentesque viverra', false, 182);
insert into comment_21072018 (id, title, text, is_deleted, order_id) values (188, 'nulla eget eros elementum pellentesque', 'vehicula consequat morbi a ipsum integer a nibh in quis justo maecenas rhoncus aliquam lacus morbi quis tortor id', false, 199);
insert into comment_21072018 (id, title, text, is_deleted, order_id) values (189, 'et eros vestibulum', 'risus semper porta volutpat quam pede lobortis ligula sit amet eleifend pede libero quis orci', true, 53);
insert into comment_21072018 (id, title, text, is_deleted, order_id) values (190, 'consequat nulla nisl nunc nisl', 'accumsan odio curabitur convallis duis consequat dui nec nisi volutpat', false, 106);
insert into comment_21072018 (id, title, text, is_deleted, order_id) values (191, 'ornare consequat lectus in', 'a suscipit nulla elit ac nulla sed vel enim sit amet nunc viverra dapibus nulla suscipit ligula in', true, 116);
insert into comment_21072018 (id, title, text, is_deleted, order_id) values (192, 'ante vivamus tortor', 'eu interdum eu tincidunt in leo maecenas pulvinar lobortis est phasellus sit', false, 296);
insert into comment_21072018 (id, title, text, is_deleted, order_id) values (193, 'aliquam augue quam sollicitudin', 'sapien urna pretium nisl ut volutpat sapien arcu sed augue aliquam erat volutpat', false, 300);
insert into comment_21072018 (id, title, text, is_deleted, order_id) values (194, 'rutrum nulla tellus in sagittis', 'duis aliquam convallis nunc proin at turpis a pede posuere nonummy', false, 161);
insert into comment_21072018 (id, title, text, is_deleted, order_id) values (195, 'maecenas leo odio condimentum', 'metus vitae ipsum aliquam non mauris morbi non lectus aliquam sit amet diam in', false, 174);
insert into comment_21072018 (id, title, text, is_deleted, order_id) values (196, 'pellentesque volutpat dui maecenas tristique', 'mauris enim leo rhoncus sed vestibulum sit amet cursus id', false, 186);
insert into comment_21072018 (id, title, text, is_deleted, order_id) values (197, 'semper interdum mauris ullamcorper', 'consectetuer eget rutrum at lorem integer tincidunt ante vel ipsum praesent', true, 123);
insert into comment_21072018 (id, title, text, is_deleted, order_id) values (198, 'vestibulum velit id pretium iaculis', 'eu mi nulla ac enim in tempor turpis nec euismod scelerisque quam turpis adipiscing', true, 140);
insert into comment_21072018 (id, title, text, is_deleted, order_id) values (199, 'vel augue vestibulum ante', 'nunc vestibulum ante ipsum primis in faucibus orci luctus et ultrices', false, 72);
insert into comment_21072018 (id, title, text, is_deleted, order_id) values (200, 'praesent blandit nam', 'vestibulum aliquet ultrices erat tortor sollicitudin mi sit amet lobortis sapien sapien non mi integer ac neque duis', true, 61);
insert into comment_21072018 (id, title, text, is_deleted, order_id) values (201, 'nullam orci pede venenatis non', 'mauris vulputate elementum nullam varius nulla facilisi cras non velit nec nisi vulputate nonummy maecenas tincidunt lacus at velit', true, 248);
insert into comment_21072018 (id, title, text, is_deleted, order_id) values (202, 'venenatis tristique fusce', 'vehicula condimentum curabitur in libero ut massa volutpat convallis morbi odio odio elementum eu interdum eu tincidunt in leo', true, 299);
insert into comment_21072018 (id, title, text, is_deleted, order_id) values (203, 'magnis dis parturient', 'convallis nulla neque libero convallis eget eleifend luctus ultricies eu nibh quisque id justo sit amet sapien dignissim vestibulum vestibulum', false, 138);
insert into comment_21072018 (id, title, text, is_deleted, order_id) values (204, 'vehicula condimentum curabitur', 'id mauris vulputate elementum nullam varius nulla facilisi cras non velit nec nisi vulputate nonummy maecenas tincidunt', true, 148);
insert into comment_21072018 (id, title, text, is_deleted, order_id) values (205, 'lectus in quam fringilla rhoncus', 'lacus at velit vivamus vel nulla eget eros elementum pellentesque quisque porta volutpat erat quisque erat eros', true, 287);
insert into comment_21072018 (id, title, text, is_deleted, order_id) values (206, 'morbi sem mauris', 'luctus et ultrices posuere cubilia curae donec pharetra magna vestibulum aliquet ultrices erat', false, 205);
insert into comment_21072018 (id, title, text, is_deleted, order_id) values (207, 'mauris sit amet eros suspendisse', 'mollis molestie lorem quisque ut erat curabitur gravida nisi at nibh in hac habitasse platea dictumst aliquam augue', true, 157);
insert into comment_21072018 (id, title, text, is_deleted, order_id) values (208, 'lectus in est risus', 'ultrices libero non mattis pulvinar nulla pede ullamcorper augue a', true, 250);
insert into comment_21072018 (id, title, text, is_deleted, order_id) values (209, 'rutrum at lorem integer', 'cursus urna ut tellus nulla ut erat id mauris vulputate', false, 281);
insert into comment_21072018 (id, title, text, is_deleted, order_id) values (210, 'justo in blandit ultrices', 'in faucibus orci luctus et ultrices posuere cubilia curae donec pharetra magna vestibulum', false, 32);
insert into comment_21072018 (id, title, text, is_deleted, order_id) values (211, 'nec dui luctus rutrum', 'mauris laoreet ut rhoncus aliquet pulvinar sed nisl nunc rhoncus dui vel sem sed sagittis nam congue', false, 102);
insert into comment_21072018 (id, title, text, is_deleted, order_id) values (212, 'amet turpis elementum ligula vehicula', 'dapibus duis at velit eu est congue elementum in hac habitasse platea dictumst morbi vestibulum velit id pretium iaculis', false, 103);
insert into comment_21072018 (id, title, text, is_deleted, order_id) values (213, 'sit amet nulla quisque', 'dis parturient montes nascetur ridiculus mus vivamus vestibulum sagittis sapien cum sociis natoque penatibus et magnis', true, 262);
insert into comment_21072018 (id, title, text, is_deleted, order_id) values (214, 'vulputate justo in', 'mauris non ligula pellentesque ultrices phasellus id sapien in sapien iaculis congue vivamus metus arcu', false, 129);
insert into comment_21072018 (id, title, text, is_deleted, order_id) values (215, 'nulla ac enim in', 'orci luctus et ultrices posuere cubilia curae mauris viverra diam vitae quam suspendisse potenti nullam porttitor lacus at', true, 118);
insert into comment_21072018 (id, title, text, is_deleted, order_id) values (216, 'consectetuer adipiscing elit', 'lobortis sapien sapien non mi integer ac neque duis bibendum', false, 297);
insert into comment_21072018 (id, title, text, is_deleted, order_id) values (217, 'donec pharetra magna', 'habitasse platea dictumst morbi vestibulum velit id pretium iaculis diam erat fermentum justo nec condimentum', false, 124);
insert into comment_21072018 (id, title, text, is_deleted, order_id) values (218, 'aliquam convallis nunc proin', 'erat tortor sollicitudin mi sit amet lobortis sapien sapien non mi integer ac neque duis bibendum morbi non quam', true, 229);
insert into comment_21072018 (id, title, text, is_deleted, order_id) values (219, 'pellentesque quisque porta volutpat', 'erat volutpat in congue etiam justo etiam pretium iaculis justo in hac habitasse platea dictumst etiam faucibus cursus', false, 189);
insert into comment_21072018 (id, title, text, is_deleted, order_id) values (220, 'elit proin interdum mauris', 'luctus et ultrices posuere cubilia curae duis faucibus accumsan odio curabitur convallis duis consequat dui nec nisi volutpat eleifend donec', false, 85);
insert into comment_21072018 (id, title, text, is_deleted, order_id) values (221, 'orci luctus et', 'pede malesuada in imperdiet et commodo vulputate justo in blandit ultrices enim', true, 281);
insert into comment_21072018 (id, title, text, is_deleted, order_id) values (222, 'rutrum nulla nunc purus phasellus', 'pretium iaculis diam erat fermentum justo nec condimentum neque sapien placerat ante nulla justo aliquam quis', true, 94);
insert into comment_21072018 (id, title, text, is_deleted, order_id) values (223, 'pellentesque quisque porta volutpat erat', 'urna ut tellus nulla ut erat id mauris vulputate elementum nullam varius', false, 134);
insert into comment_21072018 (id, title, text, is_deleted, order_id) values (224, 'elementum in hac', 'curae donec pharetra magna vestibulum aliquet ultrices erat tortor sollicitudin mi sit', true, 118);
insert into comment_21072018 (id, title, text, is_deleted, order_id) values (225, 'sollicitudin ut suscipit a', 'vivamus tortor duis mattis egestas metus aenean fermentum donec ut mauris eget massa tempor', false, 144);
insert into comment_21072018 (id, title, text, is_deleted, order_id) values (226, 'aenean auctor gravida', 'consectetuer adipiscing elit proin risus praesent lectus vestibulum quam sapien varius ut blandit non interdum in ante vestibulum ante ipsum', true, 72);
insert into comment_21072018 (id, title, text, is_deleted, order_id) values (227, 'mollis molestie lorem quisque ut', 'mauris enim leo rhoncus sed vestibulum sit amet cursus id turpis integer aliquet', false, 234);
insert into comment_21072018 (id, title, text, is_deleted, order_id) values (228, 'integer pede justo lacinia eget', 'morbi non quam nec dui luctus rutrum nulla tellus in sagittis dui vel nisl duis ac nibh', true, 107);
insert into comment_21072018 (id, title, text, is_deleted, order_id) values (229, 'mauris lacinia sapien quis libero', 'congue risus semper porta volutpat quam pede lobortis ligula sit amet eleifend pede libero quis orci nullam molestie nibh in', false, 55);
insert into comment_21072018 (id, title, text, is_deleted, order_id) values (230, 'et ultrices posuere cubilia', 'morbi non lectus aliquam sit amet diam in magna bibendum imperdiet nullam orci pede venenatis non sodales sed tincidunt eu', true, 148);
insert into comment_21072018 (id, title, text, is_deleted, order_id) values (231, 'convallis nulla neque libero convallis', 'blandit nam nulla integer pede justo lacinia eget tincidunt eget tempus vel pede morbi porttitor lorem id ligula', true, 273);
insert into comment_21072018 (id, title, text, is_deleted, order_id) values (232, 'in blandit ultrices enim', 'donec posuere metus vitae ipsum aliquam non mauris morbi non lectus aliquam sit', false, 221);
insert into comment_21072018 (id, title, text, is_deleted, order_id) values (233, 'habitasse platea dictumst morbi', 'sed augue aliquam erat volutpat in congue etiam justo etiam pretium iaculis', false, 27);
insert into comment_21072018 (id, title, text, is_deleted, order_id) values (234, 'duis bibendum felis sed', 'donec odio justo sollicitudin ut suscipit a feugiat et eros vestibulum ac est lacinia nisi venenatis tristique', false, 216);
insert into comment_21072018 (id, title, text, is_deleted, order_id) values (235, 'nam nulla integer', 'lobortis ligula sit amet eleifend pede libero quis orci nullam', true, 251);
insert into comment_21072018 (id, title, text, is_deleted, order_id) values (236, 'nulla mollis molestie lorem quisque', 'mauris vulputate elementum nullam varius nulla facilisi cras non velit nec nisi vulputate nonummy maecenas tincidunt lacus at velit', false, 298);
insert into comment_21072018 (id, title, text, is_deleted, order_id) values (237, 'id lobortis convallis tortor', 'orci luctus et ultrices posuere cubilia curae nulla dapibus dolor vel est donec odio', true, 263);
insert into comment_21072018 (id, title, text, is_deleted, order_id) values (238, 'nulla pede ullamcorper augue', 'mattis odio donec vitae nisi nam ultrices libero non mattis pulvinar nulla pede ullamcorper augue a suscipit nulla elit', false, 25);
insert into comment_21072018 (id, title, text, is_deleted, order_id) values (239, 'sit amet eleifend pede', 'aenean lectus pellentesque eget nunc donec quis orci eget orci vehicula condimentum curabitur in libero', true, 279);
insert into comment_21072018 (id, title, text, is_deleted, order_id) values (240, 'vulputate vitae nisl', 'ac nulla sed vel enim sit amet nunc viverra dapibus nulla suscipit ligula in lacus curabitur at ipsum ac tellus', true, 235);
insert into comment_21072018 (id, title, text, is_deleted, order_id) values (241, 'morbi ut odio', 'convallis nunc proin at turpis a pede posuere nonummy integer non velit donec diam neque vestibulum eget vulputate ut', true, 75);
insert into comment_21072018 (id, title, text, is_deleted, order_id) values (242, 'vel accumsan tellus nisi eu', 'duis mattis egestas metus aenean fermentum donec ut mauris eget massa tempor convallis nulla neque libero convallis', true, 281);
insert into comment_21072018 (id, title, text, is_deleted, order_id) values (243, 'eleifend donec ut', 'morbi odio odio elementum eu interdum eu tincidunt in leo maecenas pulvinar lobortis est phasellus', true, 258);
insert into comment_21072018 (id, title, text, is_deleted, order_id) values (244, 'lorem integer tincidunt ante vel', 'iaculis congue vivamus metus arcu adipiscing molestie hendrerit at vulputate vitae nisl aenean lectus pellentesque eget nunc', false, 253);
insert into comment_21072018 (id, title, text, is_deleted, order_id) values (245, 'morbi vel lectus in quam', 'arcu sed augue aliquam erat volutpat in congue etiam justo etiam pretium iaculis justo in hac habitasse platea dictumst', false, 71);
insert into comment_21072018 (id, title, text, is_deleted, order_id) values (246, 'etiam faucibus cursus', 'aenean lectus pellentesque eget nunc donec quis orci eget orci', true, 265);
insert into comment_21072018 (id, title, text, is_deleted, order_id) values (247, 'rhoncus mauris enim leo rhoncus', 'vel lectus in quam fringilla rhoncus mauris enim leo rhoncus', false, 87);
insert into comment_21072018 (id, title, text, is_deleted, order_id) values (248, 'pellentesque ultrices mattis odio donec', 'aliquet pulvinar sed nisl nunc rhoncus dui vel sem sed sagittis nam', false, 71);
insert into comment_21072018 (id, title, text, is_deleted, order_id) values (249, 'quam a odio in', 'sollicitudin ut suscipit a feugiat et eros vestibulum ac est lacinia nisi venenatis tristique fusce congue', false, 262);
insert into comment_21072018 (id, title, text, is_deleted, order_id) values (250, 'massa id nisl venenatis', 'viverra dapibus nulla suscipit ligula in lacus curabitur at ipsum ac tellus semper interdum mauris', false, 111);
insert into comment_21072018 (id, title, text, is_deleted, order_id) values (251, 'et ultrices posuere cubilia curae', 'vel lectus in quam fringilla rhoncus mauris enim leo rhoncus sed vestibulum sit amet cursus id turpis', false, 158);
insert into comment_21072018 (id, title, text, is_deleted, order_id) values (252, 'sapien iaculis congue', 'morbi odio odio elementum eu interdum eu tincidunt in leo maecenas pulvinar lobortis', false, 183);
insert into comment_21072018 (id, title, text, is_deleted, order_id) values (253, 'erat eros viverra eget', 'quam pede lobortis ligula sit amet eleifend pede libero quis orci nullam molestie nibh in lectus', true, 130);
insert into comment_21072018 (id, title, text, is_deleted, order_id) values (254, 'egestas metus aenean', 'velit eu est congue elementum in hac habitasse platea dictumst morbi vestibulum velit id pretium iaculis diam erat fermentum justo', false, 282);
insert into comment_21072018 (id, title, text, is_deleted, order_id) values (255, 'in quis justo maecenas', 'ultrices libero non mattis pulvinar nulla pede ullamcorper augue a suscipit nulla elit ac nulla sed vel', false, 181);
insert into comment_21072018 (id, title, text, is_deleted, order_id) values (256, 'condimentum id luctus', 'felis sed lacus morbi sem mauris laoreet ut rhoncus aliquet pulvinar', true, 120);
insert into comment_21072018 (id, title, text, is_deleted, order_id) values (257, 'ut suscipit a feugiat et', 'massa id nisl venenatis lacinia aenean sit amet justo morbi ut odio cras mi pede', true, 39);
insert into comment_21072018 (id, title, text, is_deleted, order_id) values (258, 'nec euismod scelerisque quam', 'maecenas ut massa quis augue luctus tincidunt nulla mollis molestie lorem quisque ut', true, 30);
insert into comment_21072018 (id, title, text, is_deleted, order_id) values (259, 'tincidunt ante vel', 'orci vehicula condimentum curabitur in libero ut massa volutpat convallis morbi odio odio', true, 137);
insert into comment_21072018 (id, title, text, is_deleted, order_id) values (260, 'dis parturient montes nascetur', 'interdum eu tincidunt in leo maecenas pulvinar lobortis est phasellus sit amet erat nulla', true, 1);
insert into comment_21072018 (id, title, text, is_deleted, order_id) values (261, 'vulputate nonummy maecenas tincidunt lacus', 'gravida sem praesent id massa id nisl venenatis lacinia aenean sit amet justo', false, 15);
insert into comment_21072018 (id, title, text, is_deleted, order_id) values (262, 'venenatis lacinia aenean sit amet', 'auctor sed tristique in tempus sit amet sem fusce consequat nulla nisl', true, 115);
insert into comment_21072018 (id, title, text, is_deleted, order_id) values (263, 'fringilla rhoncus mauris enim leo', 'pellentesque ultrices phasellus id sapien in sapien iaculis congue vivamus metus arcu adipiscing molestie hendrerit at vulputate vitae nisl aenean', false, 200);
insert into comment_21072018 (id, title, text, is_deleted, order_id) values (264, 'ante ipsum primis', 'curae duis faucibus accumsan odio curabitur convallis duis consequat dui nec nisi volutpat eleifend', false, 9);
insert into comment_21072018 (id, title, text, is_deleted, order_id) values (265, 'vestibulum ante ipsum', 'semper interdum mauris ullamcorper purus sit amet nulla quisque arcu libero rutrum ac lobortis vel dapibus at diam nam', true, 38);
insert into comment_21072018 (id, title, text, is_deleted, order_id) values (266, 'ac diam cras pellentesque volutpat', 'erat eros viverra eget congue eget semper rutrum nulla nunc purus phasellus', true, 296);
insert into comment_21072018 (id, title, text, is_deleted, order_id) values (267, 'odio curabitur convallis duis consequat', 'pede posuere nonummy integer non velit donec diam neque vestibulum eget vulputate ut ultrices vel augue vestibulum ante ipsum primis', false, 284);
insert into comment_21072018 (id, title, text, is_deleted, order_id) values (268, 'donec semper sapien a libero', 'auctor sed tristique in tempus sit amet sem fusce consequat nulla nisl nunc nisl duis bibendum', false, 55);
insert into comment_21072018 (id, title, text, is_deleted, order_id) values (269, 'odio justo sollicitudin ut', 'vel nisl duis ac nibh fusce lacus purus aliquet at feugiat non pretium', false, 96);
insert into comment_21072018 (id, title, text, is_deleted, order_id) values (270, 'orci mauris lacinia sapien', 'ipsum primis in faucibus orci luctus et ultrices posuere cubilia curae duis faucibus accumsan odio curabitur convallis duis consequat', false, 242);
insert into comment_21072018 (id, title, text, is_deleted, order_id) values (271, 'donec ut dolor morbi', 'suspendisse potenti nullam porttitor lacus at turpis donec posuere metus vitae ipsum', false, 124);
insert into comment_21072018 (id, title, text, is_deleted, order_id) values (272, 'metus vitae ipsum', 'aliquam erat volutpat in congue etiam justo etiam pretium iaculis justo in hac', true, 234);
insert into comment_21072018 (id, title, text, is_deleted, order_id) values (273, 'vestibulum ante ipsum', 'fermentum donec ut mauris eget massa tempor convallis nulla neque libero convallis eget eleifend luctus ultricies eu nibh', true, 217);
insert into comment_21072018 (id, title, text, is_deleted, order_id) values (274, 'adipiscing elit proin', 'molestie nibh in lectus pellentesque at nulla suspendisse potenti cras in purus', false, 18);
insert into comment_21072018 (id, title, text, is_deleted, order_id) values (275, 'lacus morbi sem mauris', 'nisl nunc nisl duis bibendum felis sed interdum venenatis turpis enim blandit mi in porttitor pede', true, 233);
insert into comment_21072018 (id, title, text, is_deleted, order_id) values (276, 'vitae mattis nibh', 'lacus at velit vivamus vel nulla eget eros elementum pellentesque', true, 273);
insert into comment_21072018 (id, title, text, is_deleted, order_id) values (277, 'interdum eu tincidunt in leo', 'magna bibendum imperdiet nullam orci pede venenatis non sodales sed tincidunt eu', true, 10);
insert into comment_21072018 (id, title, text, is_deleted, order_id) values (278, 'eget eleifend luctus ultricies', 'donec pharetra magna vestibulum aliquet ultrices erat tortor sollicitudin mi sit amet lobortis sapien sapien', false, 272);
insert into comment_21072018 (id, title, text, is_deleted, order_id) values (279, 'ut massa quis', 'amet justo morbi ut odio cras mi pede malesuada in imperdiet et commodo vulputate justo in blandit', false, 49);
insert into comment_21072018 (id, title, text, is_deleted, order_id) values (280, 'adipiscing molestie hendrerit at vulputate', 'augue vestibulum rutrum rutrum neque aenean auctor gravida sem praesent id massa id', true, 53);
insert into comment_21072018 (id, title, text, is_deleted, order_id) values (281, 'turpis a pede', 'erat id mauris vulputate elementum nullam varius nulla facilisi cras non velit nec', false, 33);
insert into comment_21072018 (id, title, text, is_deleted, order_id) values (282, 'vel nulla eget eros elementum', 'purus phasellus in felis donec semper sapien a libero nam dui proin leo odio porttitor id consequat in consequat ut', true, 126);
insert into comment_21072018 (id, title, text, is_deleted, order_id) values (283, 'nulla sed accumsan felis', 'in congue etiam justo etiam pretium iaculis justo in hac habitasse platea dictumst etiam faucibus cursus', false, 291);
insert into comment_21072018 (id, title, text, is_deleted, order_id) values (284, 'nisi at nibh in hac', 'eu sapien cursus vestibulum proin eu mi nulla ac enim in tempor', false, 47);
insert into comment_21072018 (id, title, text, is_deleted, order_id) values (285, 'eget eleifend luctus ultricies eu', 'sapien varius ut blandit non interdum in ante vestibulum ante ipsum primis in faucibus orci luctus et', false, 57);
insert into comment_21072018 (id, title, text, is_deleted, order_id) values (286, 'tempus vel pede', 'magnis dis parturient montes nascetur ridiculus mus vivamus vestibulum sagittis sapien cum sociis natoque', true, 169);
insert into comment_21072018 (id, title, text, is_deleted, order_id) values (287, 'sagittis nam congue risus', 'eleifend donec ut dolor morbi vel lectus in quam fringilla', true, 258);
insert into comment_21072018 (id, title, text, is_deleted, order_id) values (288, 'eros suspendisse accumsan tortor', 'odio condimentum id luctus nec molestie sed justo pellentesque viverra pede ac diam cras pellentesque volutpat dui maecenas', true, 281);
insert into comment_21072018 (id, title, text, is_deleted, order_id) values (289, 'sit amet justo', 'consectetuer adipiscing elit proin interdum mauris non ligula pellentesque ultrices phasellus', false, 75);
insert into comment_21072018 (id, title, text, is_deleted, order_id) values (290, 'pellentesque volutpat dui maecenas', 'quam fringilla rhoncus mauris enim leo rhoncus sed vestibulum sit amet cursus id turpis integer', true, 128);
insert into comment_21072018 (id, title, text, is_deleted, order_id) values (291, 'libero convallis eget', 'lacinia nisi venenatis tristique fusce congue diam id ornare imperdiet sapien urna', true, 223);
insert into comment_21072018 (id, title, text, is_deleted, order_id) values (292, 'morbi porttitor lorem id ligula', 'in faucibus orci luctus et ultrices posuere cubilia curae duis faucibus accumsan odio curabitur convallis duis consequat dui', false, 60);
insert into comment_21072018 (id, title, text, is_deleted, order_id) values (293, 'tellus semper interdum mauris ullamcorper', 'nisi vulputate nonummy maecenas tincidunt lacus at velit vivamus vel nulla eget eros elementum pellentesque', false, 255);
insert into comment_21072018 (id, title, text, is_deleted, order_id) values (294, 'cubilia curae mauris viverra', 'lorem id ligula suspendisse ornare consequat lectus in est risus', false, 281);
insert into comment_21072018 (id, title, text, is_deleted, order_id) values (295, 'ipsum primis in faucibus orci', 'elementum pellentesque quisque porta volutpat erat quisque erat eros viverra eget congue eget semper rutrum nulla nunc purus phasellus', false, 281);
insert into comment_21072018 (id, title, text, is_deleted, order_id) values (296, 'volutpat convallis morbi odio odio', 'curae duis faucibus accumsan odio curabitur convallis duis consequat dui nec', false, 52);
insert into comment_21072018 (id, title, text, is_deleted, order_id) values (297, 'lobortis est phasellus sit amet', 'praesent id massa id nisl venenatis lacinia aenean sit amet justo morbi ut odio', false, 24);
insert into comment_21072018 (id, title, text, is_deleted, order_id) values (298, 'potenti cras in purus', 'consequat in consequat ut nulla sed accumsan felis ut at dolor quis', false, 298);
insert into comment_21072018 (id, title, text, is_deleted, order_id) values (299, 'sed magna at nunc', 'pede ac diam cras pellentesque volutpat dui maecenas tristique est et tempus semper est quam pharetra magna ac', false, 204);
insert into comment_21072018 (id, title, text, is_deleted, order_id) values (300, 'in purus eu magna vulputate', 'proin eu mi nulla ac enim in tempor turpis nec euismod scelerisque quam turpis adipiscing lorem', true, 220);


CREATE TABLE address_21072018 (
  id        SERIAL PRIMARY KEY,
  city      VARCHAR(64) NOT NULL,
  country   VARCHAR(64) NOT NULL,
  post_code INT         NOT NULL,
  user_id   INT UNIQUE REFERENCES user_21072018 (id)
);

insert into address_21072018 (id, city, country, post_code, user_id) values (1, 'Malie', 'Samoa', 6611, 1);
insert into address_21072018 (id, city, country, post_code, user_id) values (2, 'Tengrela', 'Ivory Coast', 8663, 2);
insert into address_21072018 (id, city, country, post_code, user_id) values (3, 'Shanggu', 'China', 9746, 3);
insert into address_21072018 (id, city, country, post_code, user_id) values (4, 'Jablanovec', 'Croatia', 4684, 4);
insert into address_21072018 (id, city, country, post_code, user_id) values (5, 'Bojonggaling', 'Indonesia', 8017, 5);
insert into address_21072018 (id, city, country, post_code, user_id) values (6, 'Borova', 'Ukraine', 2918, 6);
insert into address_21072018 (id, city, country, post_code, user_id) values (7, 'Dulyapino', 'Russia', 2975, 7);
insert into address_21072018 (id, city, country, post_code, user_id) values (8, 'Agnibilkrou', 'Ivory Coast', 6480, 8);
insert into address_21072018 (id, city, country, post_code, user_id) values (9, 'Vale de Vila', 'Portugal', 5323, 9);
insert into address_21072018 (id, city, country, post_code, user_id) values (10, 'Kasturi', 'Indonesia', 9435, 10);
insert into address_21072018 (id, city, country, post_code, user_id) values (11, 'Lourido', 'Portugal', 4276, 11);
insert into address_21072018 (id, city, country, post_code, user_id) values (12, 'Magarao', 'Philippines', 9871, 12);
insert into address_21072018 (id, city, country, post_code, user_id) values (13, 'Th Trn Vit Lm', 'Vietnam', 1377, 13);
insert into address_21072018 (id, city, country, post_code, user_id) values (14, 'Khyzy', 'Azerbaijan', 1215, 14);
insert into address_21072018 (id, city, country, post_code, user_id) values (15, 'Hongmei', 'China', 5218, 15);
insert into address_21072018 (id, city, country, post_code, user_id) values (16, 'Thanh Hoa', 'Vietnam', 9665, 16);
insert into address_21072018 (id, city, country, post_code, user_id) values (17, 'Mem Martins', 'Portugal', 9004, 17);
insert into address_21072018 (id, city, country, post_code, user_id) values (18, 'Anjihai', 'China', 5748, 18);
insert into address_21072018 (id, city, country, post_code, user_id) values (19, 'Yihe', 'China', 5933, 19);
insert into address_21072018 (id, city, country, post_code, user_id) values (20, 'Berlin', 'Germany', 9992, 20);
insert into address_21072018 (id, city, country, post_code, user_id) values (21, 'Pa Mok', 'Thailand', 3379, 21);
insert into address_21072018 (id, city, country, post_code, user_id) values (22, 'Masumbwe', 'Tanzania', 6378, 22);
insert into address_21072018 (id, city, country, post_code, user_id) values (23, 'Sundsvall', 'Sweden', 6649, 23);
insert into address_21072018 (id, city, country, post_code, user_id) values (24, 'Melssia', 'Greece', 6861, 24);
insert into address_21072018 (id, city, country, post_code, user_id) values (25, 'Pakemitan', 'Indonesia', 3261, 25);
insert into address_21072018 (id, city, country, post_code, user_id) values (26, 'Freiburg im Breisgau', 'Germany', 4853, 26);
insert into address_21072018 (id, city, country, post_code, user_id) values (27, 'Vsters', 'Sweden', 3215, 27);
insert into address_21072018 (id, city, country, post_code, user_id) values (28, 'Phibun Mangsahan', 'Thailand', 6346, 28);
insert into address_21072018 (id, city, country, post_code, user_id) values (29, 'Neiguan', 'China', 3151, 29);
insert into address_21072018 (id, city, country, post_code, user_id) values (30, 'Zhenziliang', 'China', 8811, 30);
insert into address_21072018 (id, city, country, post_code, user_id) values (31, 'Helong', 'China', 6814, 31);
insert into address_21072018 (id, city, country, post_code, user_id) values (32, 'Ndeaboh', 'Nigeria', 2577, 32);
insert into address_21072018 (id, city, country, post_code, user_id) values (33, 'Zakroczym', 'Poland', 1024, 33);
insert into address_21072018 (id, city, country, post_code, user_id) values (34, 'San Carlos', 'Philippines', 5844, 34);
insert into address_21072018 (id, city, country, post_code, user_id) values (35, 'Bandhagen', 'Sweden', 3609, 35);
insert into address_21072018 (id, city, country, post_code, user_id) values (36, 'Kadubera', 'Indonesia', 1244, 36);
insert into address_21072018 (id, city, country, post_code, user_id) values (37, 'Rognedino', 'Russia', 5711, 37);
insert into address_21072018 (id, city, country, post_code, user_id) values (38, 'Ketangi', 'Indonesia', 2098, 38);
insert into address_21072018 (id, city, country, post_code, user_id) values (39, 'Berzovyy', 'Russia', 3766, 39);
insert into address_21072018 (id, city, country, post_code, user_id) values (40, '', 'Russia', 6465, 40);
insert into address_21072018 (id, city, country, post_code, user_id) values (41, 'Balengbeng', 'Indonesia', 7442, 41);
insert into address_21072018 (id, city, country, post_code, user_id) values (42, 'Znamenskoye', 'Russia', 7532, 42);
insert into address_21072018 (id, city, country, post_code, user_id) values (43, 'Wobulenzi', 'Uganda', 8375, 43);
insert into address_21072018 (id, city, country, post_code, user_id) values (44, 'San Rafael', 'Philippines', 6307, 44);
insert into address_21072018 (id, city, country, post_code, user_id) values (45, 'La Ronge', 'Canada', 5650, 45);
insert into address_21072018 (id, city, country, post_code, user_id) values (46, 'Sijing', 'China', 7660, 46);
insert into address_21072018 (id, city, country, post_code, user_id) values (47, 'Ada', 'Azerbaijan', 8672, 47);
insert into address_21072018 (id, city, country, post_code, user_id) values (48, 'Columbia', 'United States', 7058, 48);
insert into address_21072018 (id, city, country, post_code, user_id) values (49, 'Poigar', 'Indonesia', 5609, 49);
insert into address_21072018 (id, city, country, post_code, user_id) values (50, 'Xinyu', 'China', 7463, 50);
insert into address_21072018 (id, city, country, post_code, user_id) values (51, 'Sete Cidades', 'Portugal', 2462, 51);
insert into address_21072018 (id, city, country, post_code, user_id) values (52, 'Non Narai', 'Thailand', 8645, 52);
insert into address_21072018 (id, city, country, post_code, user_id) values (53, 'Siogu Arriba', 'Panama', 9194, 53);
insert into address_21072018 (id, city, country, post_code, user_id) values (54, 'Assiniboia', 'Canada', 9138, 54);
insert into address_21072018 (id, city, country, post_code, user_id) values (55, 'Guangshan', 'China', 8472, 55);
insert into address_21072018 (id, city, country, post_code, user_id) values (56, 'Lwengo', 'Uganda', 5926, 56);
insert into address_21072018 (id, city, country, post_code, user_id) values (57, 'Labuhan Deli', 'Indonesia', 4455, 57);
insert into address_21072018 (id, city, country, post_code, user_id) values (58, 'Vitrolles', 'France', 4543, 58);
insert into address_21072018 (id, city, country, post_code, user_id) values (59, 'Robor', 'Bolivia', 4714, 59);
insert into address_21072018 (id, city, country, post_code, user_id) values (60, 'Giemdiem', 'Vietnam', 2288, 60);
insert into address_21072018 (id, city, country, post_code, user_id) values (61, 'Dayeuhluhur', 'Indonesia', 2527, 61);
insert into address_21072018 (id, city, country, post_code, user_id) values (62, 'Kirkland Lake', 'Canada', 2959, 62);
insert into address_21072018 (id, city, country, post_code, user_id) values (63, 'Zhuangshi', 'China', 7813, 63);
insert into address_21072018 (id, city, country, post_code, user_id) values (64, 'Anpolis', 'Brazil', 1577, 64);
insert into address_21072018 (id, city, country, post_code, user_id) values (65, 'New Brunswick', 'United States', 5451, 65);
insert into address_21072018 (id, city, country, post_code, user_id) values (66, 'Langchuan', 'China', 9005, 66);
insert into address_21072018 (id, city, country, post_code, user_id) values (67, 'Yuktae-dong', 'North Korea', 9309, 67);
insert into address_21072018 (id, city, country, post_code, user_id) values (68, 'Paoay', 'Philippines', 6866, 68);
insert into address_21072018 (id, city, country, post_code, user_id) values (69, 'Stockholm', 'Sweden', 7607, 69);
insert into address_21072018 (id, city, country, post_code, user_id) values (70, 'San Luis', 'Philippines', 8327, 70);
insert into address_21072018 (id, city, country, post_code, user_id) values (71, 'Milwka', 'Poland', 1068, 71);
insert into address_21072018 (id, city, country, post_code, user_id) values (72, 'M Xuyn', 'Vietnam', 4853, 72);
insert into address_21072018 (id, city, country, post_code, user_id) values (73, 'Cruz', 'Portugal', 3788, 73);
insert into address_21072018 (id, city, country, post_code, user_id) values (74, 'La Concepcion', 'Mexico', 8286, 74);
insert into address_21072018 (id, city, country, post_code, user_id) values (75, 'Jakubw', 'Poland', 1048, 75);
insert into address_21072018 (id, city, country, post_code, user_id) values (76, 'Kalilu', 'Indonesia', 8661, 76);
insert into address_21072018 (id, city, country, post_code, user_id) values (77, 'Nanmuping', 'China', 1210, 77);
insert into address_21072018 (id, city, country, post_code, user_id) values (78, 'Shixi', 'China', 7092, 78);
insert into address_21072018 (id, city, country, post_code, user_id) values (79, 'Bipolo', 'Indonesia', 6258, 79);
insert into address_21072018 (id, city, country, post_code, user_id) values (80, 'Gajiram', 'Nigeria', 2919, 80);
insert into address_21072018 (id, city, country, post_code, user_id) values (81, 'Fufang', 'China', 8502, 81);
insert into address_21072018 (id, city, country, post_code, user_id) values (82, 'Strn', 'Czech Republic', 4885, 82);
insert into address_21072018 (id, city, country, post_code, user_id) values (83, 'Calingcuan', 'Philippines', 5871, 83);
insert into address_21072018 (id, city, country, post_code, user_id) values (84, 'Stende', 'Latvia', 2312, 84);
insert into address_21072018 (id, city, country, post_code, user_id) values (85, 'Zhongzi', 'China', 3775, 85);
insert into address_21072018 (id, city, country, post_code, user_id) values (86, 'Liulin', 'China', 3629, 86);
insert into address_21072018 (id, city, country, post_code, user_id) values (87, 'So Filipe', 'Cape Verde', 9026, 87);
insert into address_21072018 (id, city, country, post_code, user_id) values (88, 'Owczarnia', 'Poland', 3849, 88);
insert into address_21072018 (id, city, country, post_code, user_id) values (89, 'arw', 'Poland', 2975, 89);
insert into address_21072018 (id, city, country, post_code, user_id) values (90, 'Bujakw', 'Poland', 5663, 90);
insert into address_21072018 (id, city, country, post_code, user_id) values (91, 'Gorno-Altaysk', 'Russia', 4797, 91);
insert into address_21072018 (id, city, country, post_code, user_id) values (92, 'Brakas', 'Indonesia', 6132, 92);
insert into address_21072018 (id, city, country, post_code, user_id) values (93, 'Tianxin', 'China', 5279, 93);
insert into address_21072018 (id, city, country, post_code, user_id) values (94, 'Sinop', 'Brazil', 6357, 94);
insert into address_21072018 (id, city, country, post_code, user_id) values (95, 'Washington', 'United States', 1173, 95);
insert into address_21072018 (id, city, country, post_code, user_id) values (96, 'Estncia Velha', 'Brazil', 6957, 96);
insert into address_21072018 (id, city, country, post_code, user_id) values (97, 'Castro Daire', 'Portugal', 1910, 97);
insert into address_21072018 (id, city, country, post_code, user_id) values (98, 'Regnw', 'Poland', 4705, 98);
insert into address_21072018 (id, city, country, post_code, user_id) values (99, 'Sindanghayu', 'Indonesia', 1187, 99);
insert into address_21072018 (id, city, country, post_code, user_id) values (100, 'Panagyurishte', 'Bulgaria', 5214, 100);


CREATE TABLE tag_21072018 (
  id         SERIAL PRIMARY KEY,
  name       VARCHAR(64) NOT NULL,
  product_id INT REFERENCES product_21072018 (id)
);

insert into tag_21072018 (id, name, product_id) values (1, 'blandit', 213);
insert into tag_21072018 (id, name, product_id) values (2, 'cum', 212);
insert into tag_21072018 (id, name, product_id) values (3, 'suscipit', 203);
insert into tag_21072018 (id, name, product_id) values (4, 'cursus', 261);
insert into tag_21072018 (id, name, product_id) values (5, 'praesent', 216);
insert into tag_21072018 (id, name, product_id) values (6, 'et', 281);
insert into tag_21072018 (id, name, product_id) values (7, 'tincidunt', 73);
insert into tag_21072018 (id, name, product_id) values (8, 'vulputate', 158);
insert into tag_21072018 (id, name, product_id) values (9, 'curabitur', 143);
insert into tag_21072018 (id, name, product_id) values (10, 'tempor', 293);
insert into tag_21072018 (id, name, product_id) values (11, 'cum', 69);
insert into tag_21072018 (id, name, product_id) values (12, 'turpis', 211);
insert into tag_21072018 (id, name, product_id) values (13, 'velit', 79);
insert into tag_21072018 (id, name, product_id) values (14, 'est', 257);
insert into tag_21072018 (id, name, product_id) values (15, 'magna', 293);
insert into tag_21072018 (id, name, product_id) values (16, 'in', 285);
insert into tag_21072018 (id, name, product_id) values (17, 'vulputate', 199);
insert into tag_21072018 (id, name, product_id) values (18, 'pretium', 272);
insert into tag_21072018 (id, name, product_id) values (19, 'eu', 17);
insert into tag_21072018 (id, name, product_id) values (20, 'consequat', 88);
insert into tag_21072018 (id, name, product_id) values (21, 'malesuada', 111);
insert into tag_21072018 (id, name, product_id) values (22, 'metus', 80);
insert into tag_21072018 (id, name, product_id) values (23, 'dis', 61);
insert into tag_21072018 (id, name, product_id) values (24, 'ut', 103);
insert into tag_21072018 (id, name, product_id) values (25, 'aenean', 160);
insert into tag_21072018 (id, name, product_id) values (26, 'id', 15);
insert into tag_21072018 (id, name, product_id) values (27, 'morbi', 222);
insert into tag_21072018 (id, name, product_id) values (28, 'adipiscing', 122);
insert into tag_21072018 (id, name, product_id) values (29, 'leo', 98);
insert into tag_21072018 (id, name, product_id) values (30, 'interdum', 281);
insert into tag_21072018 (id, name, product_id) values (31, 'pellentesque', 124);
insert into tag_21072018 (id, name, product_id) values (32, 'ut', 46);
insert into tag_21072018 (id, name, product_id) values (33, 'in', 124);
insert into tag_21072018 (id, name, product_id) values (34, 'eget', 26);
insert into tag_21072018 (id, name, product_id) values (35, 'lacus', 53);
insert into tag_21072018 (id, name, product_id) values (36, 'pellentesque', 103);
insert into tag_21072018 (id, name, product_id) values (37, 'eleifend', 221);
insert into tag_21072018 (id, name, product_id) values (38, 'arcu', 84);
insert into tag_21072018 (id, name, product_id) values (39, 'libero', 33);
insert into tag_21072018 (id, name, product_id) values (40, 'non', 25);
insert into tag_21072018 (id, name, product_id) values (41, 'a', 21);
insert into tag_21072018 (id, name, product_id) values (42, 'lorem', 122);
insert into tag_21072018 (id, name, product_id) values (43, 'purus', 26);
insert into tag_21072018 (id, name, product_id) values (44, 'semper', 116);
insert into tag_21072018 (id, name, product_id) values (45, 'tortor', 40);
insert into tag_21072018 (id, name, product_id) values (46, 'ipsum', 30);
insert into tag_21072018 (id, name, product_id) values (47, 'non', 189);
insert into tag_21072018 (id, name, product_id) values (48, 'sed', 259);
insert into tag_21072018 (id, name, product_id) values (49, 'ut', 196);
insert into tag_21072018 (id, name, product_id) values (50, 'est', 239);
insert into tag_21072018 (id, name, product_id) values (51, 'feugiat', 16);
insert into tag_21072018 (id, name, product_id) values (52, 'libero', 247);
insert into tag_21072018 (id, name, product_id) values (53, 'scelerisque', 25);
insert into tag_21072018 (id, name, product_id) values (54, 'vel', 22);
insert into tag_21072018 (id, name, product_id) values (55, 'turpis', 243);
insert into tag_21072018 (id, name, product_id) values (56, 'nulla', 39);
insert into tag_21072018 (id, name, product_id) values (57, 'nulla', 199);
insert into tag_21072018 (id, name, product_id) values (58, 'lacinia', 124);
insert into tag_21072018 (id, name, product_id) values (59, 'vestibulum', 52);
insert into tag_21072018 (id, name, product_id) values (60, 'nulla', 218);
insert into tag_21072018 (id, name, product_id) values (61, 'in', 62);
insert into tag_21072018 (id, name, product_id) values (62, 'metus', 6);
insert into tag_21072018 (id, name, product_id) values (63, 'et', 170);
insert into tag_21072018 (id, name, product_id) values (64, 'ultrices', 5);
insert into tag_21072018 (id, name, product_id) values (65, 'fringilla', 272);
insert into tag_21072018 (id, name, product_id) values (66, 'convallis', 277);
insert into tag_21072018 (id, name, product_id) values (67, 'nisl', 269);
insert into tag_21072018 (id, name, product_id) values (68, 'diam', 196);
insert into tag_21072018 (id, name, product_id) values (69, 'amet', 272);
insert into tag_21072018 (id, name, product_id) values (70, 'sit', 233);
insert into tag_21072018 (id, name, product_id) values (71, 'vehicula', 19);
insert into tag_21072018 (id, name, product_id) values (72, 'lectus', 280);
insert into tag_21072018 (id, name, product_id) values (73, 'lobortis', 69);
insert into tag_21072018 (id, name, product_id) values (74, 'nonummy', 202);
insert into tag_21072018 (id, name, product_id) values (75, 'ullamcorper', 27);
insert into tag_21072018 (id, name, product_id) values (76, 'elit', 32);
insert into tag_21072018 (id, name, product_id) values (77, 'posuere', 258);
insert into tag_21072018 (id, name, product_id) values (78, 'habitasse', 291);
insert into tag_21072018 (id, name, product_id) values (79, 'leo', 289);
insert into tag_21072018 (id, name, product_id) values (80, 'ligula', 86);
insert into tag_21072018 (id, name, product_id) values (81, 'amet', 194);
insert into tag_21072018 (id, name, product_id) values (82, 'primis', 59);
insert into tag_21072018 (id, name, product_id) values (83, 'mauris', 224);
insert into tag_21072018 (id, name, product_id) values (84, 'lorem', 222);
insert into tag_21072018 (id, name, product_id) values (85, 'pede', 171);
insert into tag_21072018 (id, name, product_id) values (86, 'non', 168);
insert into tag_21072018 (id, name, product_id) values (87, 'amet', 299);
insert into tag_21072018 (id, name, product_id) values (88, 'aliquam', 197);
insert into tag_21072018 (id, name, product_id) values (89, 'vulputate', 22);
insert into tag_21072018 (id, name, product_id) values (90, 'in', 269);
insert into tag_21072018 (id, name, product_id) values (91, 'nisi', 213);
insert into tag_21072018 (id, name, product_id) values (92, 'libero', 4);
insert into tag_21072018 (id, name, product_id) values (93, 'ultrices', 175);
insert into tag_21072018 (id, name, product_id) values (94, 'id', 24);
insert into tag_21072018 (id, name, product_id) values (95, 'imperdiet', 184);
insert into tag_21072018 (id, name, product_id) values (96, 'ligula', 206);
insert into tag_21072018 (id, name, product_id) values (97, 'vulputate', 86);
insert into tag_21072018 (id, name, product_id) values (98, 'feugiat', 119);
insert into tag_21072018 (id, name, product_id) values (99, 'volutpat', 300);
insert into tag_21072018 (id, name, product_id) values (100, 'iaculis', 230);
insert into tag_21072018 (id, name, product_id) values (101, 'vel', 175);
insert into tag_21072018 (id, name, product_id) values (102, 'dui', 176);
insert into tag_21072018 (id, name, product_id) values (103, 'arcu', 106);
insert into tag_21072018 (id, name, product_id) values (104, 'mi', 44);
insert into tag_21072018 (id, name, product_id) values (105, 'semper', 55);
insert into tag_21072018 (id, name, product_id) values (106, 'in', 298);
insert into tag_21072018 (id, name, product_id) values (107, 'vestibulum', 276);
insert into tag_21072018 (id, name, product_id) values (108, 'rutrum', 138);
insert into tag_21072018 (id, name, product_id) values (109, 'dapibus', 21);
insert into tag_21072018 (id, name, product_id) values (110, 'sed', 238);
insert into tag_21072018 (id, name, product_id) values (111, 'maecenas', 233);
insert into tag_21072018 (id, name, product_id) values (112, 'et', 53);
insert into tag_21072018 (id, name, product_id) values (113, 'viverra', 246);
insert into tag_21072018 (id, name, product_id) values (114, 'nunc', 193);
insert into tag_21072018 (id, name, product_id) values (115, 'volutpat', 52);
insert into tag_21072018 (id, name, product_id) values (116, 'turpis', 132);
insert into tag_21072018 (id, name, product_id) values (117, 'convallis', 285);
insert into tag_21072018 (id, name, product_id) values (118, 'quisque', 251);
insert into tag_21072018 (id, name, product_id) values (119, 'posuere', 285);
insert into tag_21072018 (id, name, product_id) values (120, 'diam', 203);
insert into tag_21072018 (id, name, product_id) values (121, 'libero', 282);
insert into tag_21072018 (id, name, product_id) values (122, 'lectus', 210);
insert into tag_21072018 (id, name, product_id) values (123, 'lobortis', 54);
insert into tag_21072018 (id, name, product_id) values (124, 'ut', 277);
insert into tag_21072018 (id, name, product_id) values (125, 'maecenas', 282);
insert into tag_21072018 (id, name, product_id) values (126, 'praesent', 5);
insert into tag_21072018 (id, name, product_id) values (127, 'nunc', 28);
insert into tag_21072018 (id, name, product_id) values (128, 'suspendisse', 182);
insert into tag_21072018 (id, name, product_id) values (129, 'lorem', 192);
insert into tag_21072018 (id, name, product_id) values (130, 'vulputate', 46);
insert into tag_21072018 (id, name, product_id) values (131, 'ultricies', 279);
insert into tag_21072018 (id, name, product_id) values (132, 'sit', 269);
insert into tag_21072018 (id, name, product_id) values (133, 'in', 195);
insert into tag_21072018 (id, name, product_id) values (134, 'et', 206);
insert into tag_21072018 (id, name, product_id) values (135, 'accumsan', 57);
insert into tag_21072018 (id, name, product_id) values (136, 'pulvinar', 293);
insert into tag_21072018 (id, name, product_id) values (137, 'malesuada', 292);
insert into tag_21072018 (id, name, product_id) values (138, 'porta', 169);
insert into tag_21072018 (id, name, product_id) values (139, 'sapien', 5);
insert into tag_21072018 (id, name, product_id) values (140, 'dui', 4);
insert into tag_21072018 (id, name, product_id) values (141, 'dolor', 114);
insert into tag_21072018 (id, name, product_id) values (142, 'vehicula', 220);
insert into tag_21072018 (id, name, product_id) values (143, 'in', 131);
insert into tag_21072018 (id, name, product_id) values (144, 'sit', 174);
insert into tag_21072018 (id, name, product_id) values (145, 'integer', 171);
insert into tag_21072018 (id, name, product_id) values (146, 'pede', 296);
insert into tag_21072018 (id, name, product_id) values (147, 'varius', 262);
insert into tag_21072018 (id, name, product_id) values (148, 'eu', 95);
insert into tag_21072018 (id, name, product_id) values (149, 'et', 247);
insert into tag_21072018 (id, name, product_id) values (150, 'posuere', 77);
insert into tag_21072018 (id, name, product_id) values (151, 'congue', 60);
insert into tag_21072018 (id, name, product_id) values (152, 'turpis', 79);
insert into tag_21072018 (id, name, product_id) values (153, 'suspendisse', 161);
insert into tag_21072018 (id, name, product_id) values (154, 'imperdiet', 209);
insert into tag_21072018 (id, name, product_id) values (155, 'orci', 211);
insert into tag_21072018 (id, name, product_id) values (156, 'hac', 95);
insert into tag_21072018 (id, name, product_id) values (157, 'interdum', 6);
insert into tag_21072018 (id, name, product_id) values (158, 'id', 34);
insert into tag_21072018 (id, name, product_id) values (159, 'pretium', 11);
insert into tag_21072018 (id, name, product_id) values (160, 'magna', 36);
insert into tag_21072018 (id, name, product_id) values (161, 'ut', 49);
insert into tag_21072018 (id, name, product_id) values (162, 'eu', 214);
insert into tag_21072018 (id, name, product_id) values (163, 'etiam', 213);
insert into tag_21072018 (id, name, product_id) values (164, 'luctus', 223);
insert into tag_21072018 (id, name, product_id) values (165, 'dictumst', 188);
insert into tag_21072018 (id, name, product_id) values (166, 'erat', 156);
insert into tag_21072018 (id, name, product_id) values (167, 'risus', 127);
insert into tag_21072018 (id, name, product_id) values (168, 'orci', 185);
insert into tag_21072018 (id, name, product_id) values (169, 'sed', 178);
insert into tag_21072018 (id, name, product_id) values (170, 'lectus', 44);
insert into tag_21072018 (id, name, product_id) values (171, 'aliquet', 27);
insert into tag_21072018 (id, name, product_id) values (172, 'non', 232);
insert into tag_21072018 (id, name, product_id) values (173, 'mus', 202);
insert into tag_21072018 (id, name, product_id) values (174, 'hendrerit', 270);
insert into tag_21072018 (id, name, product_id) values (175, 'velit', 5);
insert into tag_21072018 (id, name, product_id) values (176, 'et', 122);
insert into tag_21072018 (id, name, product_id) values (177, 'tincidunt', 186);
insert into tag_21072018 (id, name, product_id) values (178, 'molestie', 27);
insert into tag_21072018 (id, name, product_id) values (179, 'nisl', 64);
insert into tag_21072018 (id, name, product_id) values (180, 'vitae', 48);
insert into tag_21072018 (id, name, product_id) values (181, 'orci', 122);
insert into tag_21072018 (id, name, product_id) values (182, 'phasellus', 189);
insert into tag_21072018 (id, name, product_id) values (183, 'vehicula', 240);
insert into tag_21072018 (id, name, product_id) values (184, 'pretium', 281);
insert into tag_21072018 (id, name, product_id) values (185, 'sit', 237);
insert into tag_21072018 (id, name, product_id) values (186, 'aliquet', 235);
insert into tag_21072018 (id, name, product_id) values (187, 'congue', 104);
insert into tag_21072018 (id, name, product_id) values (188, 'ut', 44);
insert into tag_21072018 (id, name, product_id) values (189, 'proin', 153);
insert into tag_21072018 (id, name, product_id) values (190, 'quam', 170);
insert into tag_21072018 (id, name, product_id) values (191, 'proin', 256);
insert into tag_21072018 (id, name, product_id) values (192, 'ut', 112);
insert into tag_21072018 (id, name, product_id) values (193, 'pulvinar', 34);
insert into tag_21072018 (id, name, product_id) values (194, 'tortor', 85);
insert into tag_21072018 (id, name, product_id) values (195, 'aenean', 94);
insert into tag_21072018 (id, name, product_id) values (196, 'eu', 182);
insert into tag_21072018 (id, name, product_id) values (197, 'purus', 61);
insert into tag_21072018 (id, name, product_id) values (198, 'sed', 56);
insert into tag_21072018 (id, name, product_id) values (199, 'convallis', 151);
insert into tag_21072018 (id, name, product_id) values (200, 'in', 65);
insert into tag_21072018 (id, name, product_id) values (201, 'sit', 220);
insert into tag_21072018 (id, name, product_id) values (202, 'vel', 80);
insert into tag_21072018 (id, name, product_id) values (203, 'proin', 197);
insert into tag_21072018 (id, name, product_id) values (204, 'nulla', 265);
insert into tag_21072018 (id, name, product_id) values (205, 'justo', 53);
insert into tag_21072018 (id, name, product_id) values (206, 'nisi', 232);
insert into tag_21072018 (id, name, product_id) values (207, 'vestibulum', 176);
insert into tag_21072018 (id, name, product_id) values (208, 'leo', 131);
insert into tag_21072018 (id, name, product_id) values (209, 'nullam', 249);
insert into tag_21072018 (id, name, product_id) values (210, 'nullam', 77);
insert into tag_21072018 (id, name, product_id) values (211, 'eros', 198);
insert into tag_21072018 (id, name, product_id) values (212, 'nonummy', 87);
insert into tag_21072018 (id, name, product_id) values (213, 'ut', 50);
insert into tag_21072018 (id, name, product_id) values (214, 'sagittis', 192);
insert into tag_21072018 (id, name, product_id) values (215, 'nullam', 292);
insert into tag_21072018 (id, name, product_id) values (216, 'scelerisque', 72);
insert into tag_21072018 (id, name, product_id) values (217, 'ullamcorper', 179);
insert into tag_21072018 (id, name, product_id) values (218, 'purus', 29);
insert into tag_21072018 (id, name, product_id) values (219, 'pede', 163);
insert into tag_21072018 (id, name, product_id) values (220, 'amet', 207);
insert into tag_21072018 (id, name, product_id) values (221, 'ligula', 95);
insert into tag_21072018 (id, name, product_id) values (222, 'vel', 293);
insert into tag_21072018 (id, name, product_id) values (223, 'sagittis', 148);
insert into tag_21072018 (id, name, product_id) values (224, 'quis', 280);
insert into tag_21072018 (id, name, product_id) values (225, 'convallis', 149);
insert into tag_21072018 (id, name, product_id) values (226, 'sollicitudin', 240);
insert into tag_21072018 (id, name, product_id) values (227, 'turpis', 171);
insert into tag_21072018 (id, name, product_id) values (228, 'facilisi', 24);
insert into tag_21072018 (id, name, product_id) values (229, 'a', 195);
insert into tag_21072018 (id, name, product_id) values (230, 'molestie', 148);
insert into tag_21072018 (id, name, product_id) values (231, 'est', 253);
insert into tag_21072018 (id, name, product_id) values (232, 'ultrices', 148);
insert into tag_21072018 (id, name, product_id) values (233, 'magna', 47);
insert into tag_21072018 (id, name, product_id) values (234, 'nisi', 294);
insert into tag_21072018 (id, name, product_id) values (235, 'quis', 187);
insert into tag_21072018 (id, name, product_id) values (236, 'pulvinar', 298);
insert into tag_21072018 (id, name, product_id) values (237, 'dictumst', 297);
insert into tag_21072018 (id, name, product_id) values (238, 'quis', 63);
insert into tag_21072018 (id, name, product_id) values (239, 'feugiat', 146);
insert into tag_21072018 (id, name, product_id) values (240, 'vitae', 94);
insert into tag_21072018 (id, name, product_id) values (241, 'mi', 283);
insert into tag_21072018 (id, name, product_id) values (242, 'vivamus', 100);
insert into tag_21072018 (id, name, product_id) values (243, 'cursus', 8);
insert into tag_21072018 (id, name, product_id) values (244, 'nibh', 155);
insert into tag_21072018 (id, name, product_id) values (245, 'amet', 34);
insert into tag_21072018 (id, name, product_id) values (246, 'tortor', 53);
insert into tag_21072018 (id, name, product_id) values (247, 'non', 153);
insert into tag_21072018 (id, name, product_id) values (248, 'tortor', 228);
insert into tag_21072018 (id, name, product_id) values (249, 'pellentesque', 134);
insert into tag_21072018 (id, name, product_id) values (250, 'ullamcorper', 76);
insert into tag_21072018 (id, name, product_id) values (251, 'eget', 72);
insert into tag_21072018 (id, name, product_id) values (252, 'metus', 49);
insert into tag_21072018 (id, name, product_id) values (253, 'vehicula', 118);
insert into tag_21072018 (id, name, product_id) values (254, 'eu', 293);
insert into tag_21072018 (id, name, product_id) values (255, 'eget', 165);
insert into tag_21072018 (id, name, product_id) values (256, 'lorem', 282);
insert into tag_21072018 (id, name, product_id) values (257, 'posuere', 238);
insert into tag_21072018 (id, name, product_id) values (258, 'sapien', 129);
insert into tag_21072018 (id, name, product_id) values (259, 'diam', 40);
insert into tag_21072018 (id, name, product_id) values (260, 'nisl', 199);
insert into tag_21072018 (id, name, product_id) values (261, 'rhoncus', 49);
insert into tag_21072018 (id, name, product_id) values (262, 'vel', 259);
insert into tag_21072018 (id, name, product_id) values (263, 'morbi', 70);
insert into tag_21072018 (id, name, product_id) values (264, 'non', 234);
insert into tag_21072018 (id, name, product_id) values (265, 'pulvinar', 62);
insert into tag_21072018 (id, name, product_id) values (266, 'est', 294);
insert into tag_21072018 (id, name, product_id) values (267, 'nulla', 226);
insert into tag_21072018 (id, name, product_id) values (268, 'quam', 270);
insert into tag_21072018 (id, name, product_id) values (269, 'ac', 286);
insert into tag_21072018 (id, name, product_id) values (270, 'ut', 175);
insert into tag_21072018 (id, name, product_id) values (271, 'bibendum', 37);
insert into tag_21072018 (id, name, product_id) values (272, 'vestibulum', 16);
insert into tag_21072018 (id, name, product_id) values (273, 'vel', 148);
insert into tag_21072018 (id, name, product_id) values (274, 'vitae', 31);
insert into tag_21072018 (id, name, product_id) values (275, 'rhoncus', 124);
insert into tag_21072018 (id, name, product_id) values (276, 'tristique', 188);
insert into tag_21072018 (id, name, product_id) values (277, 'diam', 64);
insert into tag_21072018 (id, name, product_id) values (278, 'primis', 60);
insert into tag_21072018 (id, name, product_id) values (279, 'sem', 5);
insert into tag_21072018 (id, name, product_id) values (280, 'diam', 252);
insert into tag_21072018 (id, name, product_id) values (281, 'sagittis', 283);
insert into tag_21072018 (id, name, product_id) values (282, 'est', 153);
insert into tag_21072018 (id, name, product_id) values (283, 'ornare', 221);
insert into tag_21072018 (id, name, product_id) values (284, 'montes', 279);
insert into tag_21072018 (id, name, product_id) values (285, 'justo', 186);
insert into tag_21072018 (id, name, product_id) values (286, 'mattis', 175);
insert into tag_21072018 (id, name, product_id) values (287, 'in', 87);
insert into tag_21072018 (id, name, product_id) values (288, 'in', 17);
insert into tag_21072018 (id, name, product_id) values (289, 'ante', 48);
insert into tag_21072018 (id, name, product_id) values (290, 'amet', 280);
insert into tag_21072018 (id, name, product_id) values (291, 'in', 166);
insert into tag_21072018 (id, name, product_id) values (292, 'tellus', 284);
insert into tag_21072018 (id, name, product_id) values (293, 'eleifend', 245);
insert into tag_21072018 (id, name, product_id) values (294, 'lectus', 75);
insert into tag_21072018 (id, name, product_id) values (295, 'in', 266);
insert into tag_21072018 (id, name, product_id) values (296, 'id', 281);
insert into tag_21072018 (id, name, product_id) values (297, 'sollicitudin', 228);
insert into tag_21072018 (id, name, product_id) values (298, 'fusce', 250);
insert into tag_21072018 (id, name, product_id) values (299, 'id', 126);
insert into tag_21072018 (id, name, product_id) values (300, 'mauris', 162);
insert into tag_21072018 (id, name, product_id) values (301, 'lacinia', 190);
insert into tag_21072018 (id, name, product_id) values (302, 'nibh', 191);
insert into tag_21072018 (id, name, product_id) values (303, 'augue', 235);
insert into tag_21072018 (id, name, product_id) values (304, 'in', 269);
insert into tag_21072018 (id, name, product_id) values (305, 'lectus', 40);
insert into tag_21072018 (id, name, product_id) values (306, 'erat', 181);
insert into tag_21072018 (id, name, product_id) values (307, 'fermentum', 124);
insert into tag_21072018 (id, name, product_id) values (308, 'eget', 133);
insert into tag_21072018 (id, name, product_id) values (309, 'viverra', 151);
insert into tag_21072018 (id, name, product_id) values (310, 'vel', 54);
insert into tag_21072018 (id, name, product_id) values (311, 'tempus', 87);
insert into tag_21072018 (id, name, product_id) values (312, 'cubilia', 18);
insert into tag_21072018 (id, name, product_id) values (313, 'vestibulum', 269);
insert into tag_21072018 (id, name, product_id) values (314, 'luctus', 55);
insert into tag_21072018 (id, name, product_id) values (315, 'tincidunt', 114);
insert into tag_21072018 (id, name, product_id) values (316, 'placerat', 77);
insert into tag_21072018 (id, name, product_id) values (317, 'amet', 117);
insert into tag_21072018 (id, name, product_id) values (318, 'eleifend', 40);
insert into tag_21072018 (id, name, product_id) values (319, 'arcu', 192);
insert into tag_21072018 (id, name, product_id) values (320, 'nunc', 164);
insert into tag_21072018 (id, name, product_id) values (321, 'enim', 198);
insert into tag_21072018 (id, name, product_id) values (322, 'ante', 7);
insert into tag_21072018 (id, name, product_id) values (323, 'nulla', 45);
insert into tag_21072018 (id, name, product_id) values (324, 'leo', 160);
insert into tag_21072018 (id, name, product_id) values (325, 'amet', 56);
insert into tag_21072018 (id, name, product_id) values (326, 'vestibulum', 181);
insert into tag_21072018 (id, name, product_id) values (327, 'natoque', 76);
insert into tag_21072018 (id, name, product_id) values (328, 'at', 162);
insert into tag_21072018 (id, name, product_id) values (329, 'lorem', 205);
insert into tag_21072018 (id, name, product_id) values (330, 'massa', 43);
insert into tag_21072018 (id, name, product_id) values (331, 'blandit', 275);
insert into tag_21072018 (id, name, product_id) values (332, 'enim', 10);
insert into tag_21072018 (id, name, product_id) values (333, 'ipsum', 33);
insert into tag_21072018 (id, name, product_id) values (334, 'euismod', 155);
insert into tag_21072018 (id, name, product_id) values (335, 'leo', 49);
insert into tag_21072018 (id, name, product_id) values (336, 'interdum', 34);
insert into tag_21072018 (id, name, product_id) values (337, 'mattis', 66);
insert into tag_21072018 (id, name, product_id) values (338, 'morbi', 251);
insert into tag_21072018 (id, name, product_id) values (339, 'potenti', 156);
insert into tag_21072018 (id, name, product_id) values (340, 'curae', 245);
insert into tag_21072018 (id, name, product_id) values (341, 'lorem', 229);
insert into tag_21072018 (id, name, product_id) values (342, 'morbi', 20);
insert into tag_21072018 (id, name, product_id) values (343, 'orci', 144);
insert into tag_21072018 (id, name, product_id) values (344, 'nisl', 182);
insert into tag_21072018 (id, name, product_id) values (345, 'in', 288);
insert into tag_21072018 (id, name, product_id) values (346, 'vestibulum', 109);
insert into tag_21072018 (id, name, product_id) values (347, 'amet', 235);
insert into tag_21072018 (id, name, product_id) values (348, 'parturient', 33);
insert into tag_21072018 (id, name, product_id) values (349, 'potenti', 3);
insert into tag_21072018 (id, name, product_id) values (350, 'sed', 47);
insert into tag_21072018 (id, name, product_id) values (351, 'non', 227);
insert into tag_21072018 (id, name, product_id) values (352, 'venenatis', 25);
insert into tag_21072018 (id, name, product_id) values (353, 'semper', 52);
insert into tag_21072018 (id, name, product_id) values (354, 'turpis', 102);
insert into tag_21072018 (id, name, product_id) values (355, 'eget', 112);
insert into tag_21072018 (id, name, product_id) values (356, 'erat', 7);
insert into tag_21072018 (id, name, product_id) values (357, 'nisl', 50);
insert into tag_21072018 (id, name, product_id) values (358, 'rutrum', 24);
insert into tag_21072018 (id, name, product_id) values (359, 'ut', 281);
insert into tag_21072018 (id, name, product_id) values (360, 'integer', 198);
insert into tag_21072018 (id, name, product_id) values (361, 'accumsan', 262);
insert into tag_21072018 (id, name, product_id) values (362, 'nisl', 217);
insert into tag_21072018 (id, name, product_id) values (363, 'volutpat', 219);
insert into tag_21072018 (id, name, product_id) values (364, 'sit', 160);
insert into tag_21072018 (id, name, product_id) values (365, 'pede', 214);
insert into tag_21072018 (id, name, product_id) values (366, 'rhoncus', 42);
insert into tag_21072018 (id, name, product_id) values (367, 'nunc', 222);
insert into tag_21072018 (id, name, product_id) values (368, 'ac', 212);
insert into tag_21072018 (id, name, product_id) values (369, 'sapien', 107);
insert into tag_21072018 (id, name, product_id) values (370, 'elementum', 83);
insert into tag_21072018 (id, name, product_id) values (371, 'nunc', 206);
insert into tag_21072018 (id, name, product_id) values (372, 'pede', 44);
insert into tag_21072018 (id, name, product_id) values (373, 'ridiculus', 191);
insert into tag_21072018 (id, name, product_id) values (374, 'tempus', 121);
insert into tag_21072018 (id, name, product_id) values (375, 'luctus', 209);
insert into tag_21072018 (id, name, product_id) values (376, 'orci', 285);
insert into tag_21072018 (id, name, product_id) values (377, 'magna', 41);
insert into tag_21072018 (id, name, product_id) values (378, 'libero', 34);
insert into tag_21072018 (id, name, product_id) values (379, 'tincidunt', 281);
insert into tag_21072018 (id, name, product_id) values (380, 'amet', 233);
insert into tag_21072018 (id, name, product_id) values (381, 'placerat', 90);
insert into tag_21072018 (id, name, product_id) values (382, 'sed', 220);
insert into tag_21072018 (id, name, product_id) values (383, 'in', 38);
insert into tag_21072018 (id, name, product_id) values (384, 'rutrum', 174);
insert into tag_21072018 (id, name, product_id) values (385, 'nullam', 75);
insert into tag_21072018 (id, name, product_id) values (386, 'tellus', 163);
insert into tag_21072018 (id, name, product_id) values (387, 'felis', 1);
insert into tag_21072018 (id, name, product_id) values (388, 'elit', 137);
insert into tag_21072018 (id, name, product_id) values (389, 'cursus', 9);
insert into tag_21072018 (id, name, product_id) values (390, 'sociis', 245);
insert into tag_21072018 (id, name, product_id) values (391, 'tristique', 128);
insert into tag_21072018 (id, name, product_id) values (392, 'lectus', 74);
insert into tag_21072018 (id, name, product_id) values (393, 'aliquam', 183);
insert into tag_21072018 (id, name, product_id) values (394, 'vivamus', 137);
insert into tag_21072018 (id, name, product_id) values (395, 'massa', 32);
insert into tag_21072018 (id, name, product_id) values (396, 'ipsum', 226);
insert into tag_21072018 (id, name, product_id) values (397, 'quam', 34);
insert into tag_21072018 (id, name, product_id) values (398, 'luctus', 107);
insert into tag_21072018 (id, name, product_id) values (399, 'lorem', 298);
insert into tag_21072018 (id, name, product_id) values (400, 'ut', 22);
insert into tag_21072018 (id, name, product_id) values (401, 'pede', 112);
insert into tag_21072018 (id, name, product_id) values (402, 'metus', 264);
insert into tag_21072018 (id, name, product_id) values (403, 'vel', 18);
insert into tag_21072018 (id, name, product_id) values (404, 'donec', 66);
insert into tag_21072018 (id, name, product_id) values (405, 'aliquam', 283);
insert into tag_21072018 (id, name, product_id) values (406, 'in', 290);
insert into tag_21072018 (id, name, product_id) values (407, 'nisi', 216);
insert into tag_21072018 (id, name, product_id) values (408, 'hac', 238);
insert into tag_21072018 (id, name, product_id) values (409, 'faucibus', 284);
insert into tag_21072018 (id, name, product_id) values (410, 'luctus', 154);
insert into tag_21072018 (id, name, product_id) values (411, 'aliquet', 12);
insert into tag_21072018 (id, name, product_id) values (412, 'aliquam', 295);
insert into tag_21072018 (id, name, product_id) values (413, 'nullam', 291);
insert into tag_21072018 (id, name, product_id) values (414, 'maecenas', 137);
insert into tag_21072018 (id, name, product_id) values (415, 'a', 36);
insert into tag_21072018 (id, name, product_id) values (416, 'suspendisse', 190);
insert into tag_21072018 (id, name, product_id) values (417, 'nibh', 69);
insert into tag_21072018 (id, name, product_id) values (418, 'consectetuer', 210);
insert into tag_21072018 (id, name, product_id) values (419, 'montes', 208);
insert into tag_21072018 (id, name, product_id) values (420, 'ultrices', 93);
insert into tag_21072018 (id, name, product_id) values (421, 'vulputate', 1);
insert into tag_21072018 (id, name, product_id) values (422, 'vivamus', 277);
insert into tag_21072018 (id, name, product_id) values (423, 'amet', 111);
insert into tag_21072018 (id, name, product_id) values (424, 'pede', 252);
insert into tag_21072018 (id, name, product_id) values (425, 'velit', 46);
insert into tag_21072018 (id, name, product_id) values (426, 'primis', 152);
insert into tag_21072018 (id, name, product_id) values (427, 'donec', 230);
insert into tag_21072018 (id, name, product_id) values (428, 'rhoncus', 125);
insert into tag_21072018 (id, name, product_id) values (429, 'amet', 44);
insert into tag_21072018 (id, name, product_id) values (430, 'molestie', 79);
insert into tag_21072018 (id, name, product_id) values (431, 'a', 212);
insert into tag_21072018 (id, name, product_id) values (432, 'consequat', 265);
insert into tag_21072018 (id, name, product_id) values (433, 'eget', 7);
insert into tag_21072018 (id, name, product_id) values (434, 'amet', 221);
insert into tag_21072018 (id, name, product_id) values (435, 'congue', 123);
insert into tag_21072018 (id, name, product_id) values (436, 'sed', 254);
insert into tag_21072018 (id, name, product_id) values (437, 'turpis', 289);
insert into tag_21072018 (id, name, product_id) values (438, 'venenatis', 196);
insert into tag_21072018 (id, name, product_id) values (439, 'sapien', 173);
insert into tag_21072018 (id, name, product_id) values (440, 'lectus', 31);
insert into tag_21072018 (id, name, product_id) values (441, 'praesent', 207);
insert into tag_21072018 (id, name, product_id) values (442, 'enim', 84);
insert into tag_21072018 (id, name, product_id) values (443, 'integer', 103);
insert into tag_21072018 (id, name, product_id) values (444, 'donec', 231);
insert into tag_21072018 (id, name, product_id) values (445, 'amet', 199);
insert into tag_21072018 (id, name, product_id) values (446, 'mauris', 2);
insert into tag_21072018 (id, name, product_id) values (447, 'odio', 276);
insert into tag_21072018 (id, name, product_id) values (448, 'augue', 119);
insert into tag_21072018 (id, name, product_id) values (449, 'nisi', 63);
insert into tag_21072018 (id, name, product_id) values (450, 'quis', 277);
insert into tag_21072018 (id, name, product_id) values (451, 'et', 207);
insert into tag_21072018 (id, name, product_id) values (452, 'lectus', 265);
insert into tag_21072018 (id, name, product_id) values (453, 'quam', 191);
insert into tag_21072018 (id, name, product_id) values (454, 'primis', 82);
insert into tag_21072018 (id, name, product_id) values (455, 'cras', 291);
insert into tag_21072018 (id, name, product_id) values (456, 'ligula', 193);
insert into tag_21072018 (id, name, product_id) values (457, 'cras', 246);
insert into tag_21072018 (id, name, product_id) values (458, 'curabitur', 239);
insert into tag_21072018 (id, name, product_id) values (459, 'ridiculus', 23);
insert into tag_21072018 (id, name, product_id) values (460, 'morbi', 221);
insert into tag_21072018 (id, name, product_id) values (461, 'elementum', 102);
insert into tag_21072018 (id, name, product_id) values (462, 'maecenas', 251);
insert into tag_21072018 (id, name, product_id) values (463, 'fusce', 170);
insert into tag_21072018 (id, name, product_id) values (464, 'ipsum', 209);
insert into tag_21072018 (id, name, product_id) values (465, 'fusce', 221);
insert into tag_21072018 (id, name, product_id) values (466, 'in', 64);
insert into tag_21072018 (id, name, product_id) values (467, 'mus', 216);
insert into tag_21072018 (id, name, product_id) values (468, 'tellus', 283);
insert into tag_21072018 (id, name, product_id) values (469, 'pretium', 71);
insert into tag_21072018 (id, name, product_id) values (470, 'viverra', 298);
insert into tag_21072018 (id, name, product_id) values (471, 'mauris', 148);
insert into tag_21072018 (id, name, product_id) values (472, 'porta', 231);
insert into tag_21072018 (id, name, product_id) values (473, 'nec', 9);
insert into tag_21072018 (id, name, product_id) values (474, 'metus', 122);
insert into tag_21072018 (id, name, product_id) values (475, 'dictumst', 120);
insert into tag_21072018 (id, name, product_id) values (476, 'enim', 258);
insert into tag_21072018 (id, name, product_id) values (477, 'hac', 20);
insert into tag_21072018 (id, name, product_id) values (478, 'nec', 286);
insert into tag_21072018 (id, name, product_id) values (479, 'aliquet', 292);
insert into tag_21072018 (id, name, product_id) values (480, 'integer', 8);
insert into tag_21072018 (id, name, product_id) values (481, 'et', 285);
insert into tag_21072018 (id, name, product_id) values (482, 'adipiscing', 27);
insert into tag_21072018 (id, name, product_id) values (483, 'ut', 235);
insert into tag_21072018 (id, name, product_id) values (484, 'dui', 15);
insert into tag_21072018 (id, name, product_id) values (485, 'in', 30);
insert into tag_21072018 (id, name, product_id) values (486, 'ante', 113);
insert into tag_21072018 (id, name, product_id) values (487, 'non', 265);
insert into tag_21072018 (id, name, product_id) values (488, 'erat', 129);
insert into tag_21072018 (id, name, product_id) values (489, 'lacus', 21);
insert into tag_21072018 (id, name, product_id) values (490, 'lobortis', 219);
insert into tag_21072018 (id, name, product_id) values (491, 'volutpat', 197);
insert into tag_21072018 (id, name, product_id) values (492, 'purus', 224);
insert into tag_21072018 (id, name, product_id) values (493, 'nisl', 164);
insert into tag_21072018 (id, name, product_id) values (494, 'blandit', 205);
insert into tag_21072018 (id, name, product_id) values (495, 'lobortis', 99);
insert into tag_21072018 (id, name, product_id) values (496, 'ac', 237);
insert into tag_21072018 (id, name, product_id) values (497, 'id', 184);
insert into tag_21072018 (id, name, product_id) values (498, 'est', 274);
insert into tag_21072018 (id, name, product_id) values (499, 'in', 66);
insert into tag_21072018 (id, name, product_id) values (500, 'integer', 4);

-- 1)      admin, user     ,
--      5

SELECT
  c.name,
  count(p.id)
FROM product_21072018 p
  JOIN user_21072018 u on p.user_id = u.id
  JOIN category_21072018 c on p.category_id = c.id
  JOIN order_product_21072018 op ON p.id = op.product_id
  JOIN order_21072018 o ON op.order_id = o.id
  JOIN comment_21072018 c2 ON o.id = c2.order_id
GROUP BY c.name, u.role_id
HAVING u.role_id IN (SELECT id
                     FROM role_21072018
                     WHERE name IN ('admin', 'user')) AND (SELECT count(c3.id)
                                                           FROM comment_21072018 c3
                                                             JOIN order_21072018 o2 on c3.order_id = o2.id) > 5;

-- 2)        
-- country total_price

SELECT
  a.country,
  sum(p.price)
FROM user_21072018 u
JOIN address_21072018 a on u.id = a.user_id
JOIN product_21072018 p on u.id = p.user_id
GROUP BY a.country
jn